Workbook
Name Plan1_Ano: Plan1!$A$2:$A$20000
Name Plan1_Etapas: Plan1!$N$2:$R$20000
Name Plan1_Faixas: Plan1!$H$2:$L$20000
Name Plan1_Municipio: Plan1!$D$2:$D$20000
Name Plan1_Rede: Plan1!$F$2:$F$20000

Sheet Consulta Faixa Etária
A1: Município: | B1: Todos os municípios | F1: ← escolha o município e a seleção nas listas. MÉDIA = 2016 a 2025. | N1: Auxiliares (não editar)
A2: Faixa etária: | B2: Todas as faixas (0 a 17 anos) | F2: Equivalências: 0-3 ≈ Creche · 4-5 ≈ Pré-escola · 6-10 ≈ Anos Iniciais · 11-14 ≈ Anos Finais · 15-17 ≈ Ensino Médio | N2: Índice da seleção | O2: =MATCH($B$2,Listas!$C$2:$C$7,0) -> 1
A3: População: | B3: =IF($B$1="Todos os municípios",SUM(População!$C$2:$C$400),INDEX(População!$C$2:$C$400,MATCH($B$1,População!$B$2:$B$400,0))) -> 11824665 | F3: ← população estimada 2024 | N3: Critério município | O3: =IF($B$1="Todos os municípios","*",$B$1) -> *
B4: PÚBLICO | C4: PUB. PERC | D4: FEDERAL | E4: FED. PERC | F4: ESTADUAL | G4: EST. PERC | H4: MUNICIPAL | I4: MUN. PERC | J4: PRIVADO | K4: PRI. PERC | L4: TOTAL | N4: Índice da rede (gráfico) | O4: =MATCH($B$16,Listas!$G$2:$G$7,0) -> 6
A5: 2016 | B5: =D5+F5+H5 -> 1918461 | C5: =IF($L5=0,0,B5/$L5) -> 0.83084573 | D5: =IF($O$2=1,SUMIFS(INDEX(Plan1_Faixas,0,1),Plan1_Ano,$A5,Plan1_Municipio,$O$3,Plan1_Rede,"Federal")+SUMIFS(INDEX(Plan1_Faixas,0,2),Plan1_Ano,$A5,Plan1_Municipio,$O$3,Plan1_Rede,"Federal")+SUMIFS(INDEX(Plan1_Faixas,0,3),Plan1_Ano,$A5,Plan1_Municipio,$O$3,Plan1_Rede,"Federal")+SUMIFS(INDEX(Plan1_Faixas,0,4),Plan1_Ano,$A5,Plan1_Municipio,$O$3,Plan1_Rede,"Federal")+SUMIFS(INDEX(Plan1_Faixas,0,5),Plan1_Ano,$A5,Plan1_Municipio,$O$3,Plan1_Rede,"Federal"),SUMIFS(INDEX(Plan1_Faixas,0,$O$2-1),Plan1_Ano,$A5,Plan1_Municipio,$O$3,Plan1_Rede,"Federal")) -> 6624 | E5: =IF($L5=0,0,D5/$L5) -> 0.0028687172 | F5: =IF($O$2=1,SUMIFS(INDEX(Plan1_Faixas,0,1),Plan1_Ano,$A5,Plan1_Municipio,$O$3,Plan1_Rede,"Estadual")+SUMIFS(INDEX(Plan1_Faixas,0,2),Plan1_Ano,$A5,Plan1_Municipio,$O$3,Plan1_Rede,"Estadual")+SUMIFS(INDEX(Plan1_Faixas,0,3),Plan1_Ano,$A5,Plan1_Municipio,$O$3,Plan1_Rede,"Estadual")+SUMIFS(INDEX(Plan1_Faixas,0,4),Plan1_Ano,$A5,Plan1_Municipio,$O$3,Plan1_Rede,"Estadual")+SUMIFS(INDEX(Plan1_Faixas,0,5),Plan1_Ano,$A5,Plan1_Municipio,$O$3,Plan1_Rede,"Estadual"),SUMIFS(INDEX(Plan1_Faixas,0,$O$2-1),Plan1_Ano,$A5,Plan1_Municipio,$O$3,Plan1_Rede,"Estadual")) -> 889861 | G5: =IF($L5=0,0,F5/$L5) -> 0.38538037 | H5: =IF($O$2=1,SUMIFS(INDEX(Plan1_Faixas,0,1),Plan1_Ano,$A5,Plan1_Municipio,$O$3,Plan1_Rede,"Municipal")+SUMIFS(INDEX(Plan1_Faixas,0,2),Plan1_Ano,$A5,Plan1_Municipio,$O$3,Plan1_Rede,"Municipal")+SUMIFS(INDEX(Plan1_Faixas,0,3),Plan1_Ano,$A5,Plan1_Municipio,$O$3,Plan1_Rede,"Municipal")+SUMIFS(INDEX(Plan1_Faixas,0,4),Plan1_Ano,$A5,Plan1_Municipio,$O$3,Plan1_Rede,"Municipal")+SUMIFS(INDEX(Plan1_Faixas,0,5),Plan1_Ano,$A5,Plan1_Municipio,$O$3,Plan1_Rede,"Municipal"),SUMIFS(INDEX(Plan1_Faixas,0,$O$2-1),Plan1_Ano,$A5,Plan1_Municipio,$O$3,Plan1_Rede,"Municipal")) -> 1021976 | I5: =IF($L5=0,0,H5/$L5) -> 0.44259664 | J5: =IF($O$2=1,SUMIFS(INDEX(Plan1_Faixas,0,1),Plan1_Ano,$A5,Plan1_Municipio,$O$3,Plan1_Rede,"Privada")+SUMIFS(INDEX(Plan1_Faixas,0,2),Plan1_Ano,$A5,Plan1_Municipio,$O$3,Plan1_Rede,"Privada")+SUMIFS(INDEX(Plan1_Faixas,0,3),Plan1_Ano,$A5,Plan1_Municipio,$O$3,Plan1_Rede,"Privada")+SUMIFS(INDEX(Plan1_Faixas,0,4),Plan1_Ano,$A5,Plan1_Municipio,$O$3,Plan1_Rede,"Privada")+SUMIFS(INDEX(Plan1_Faixas,0,5),Plan1_Ano,$A5,Plan1_Municipio,$O$3,Plan1_Rede,"Privada"),SUMIFS(INDEX(Plan1_Faixas,0,$O$2-1),Plan1_Ano,$A5,Plan1_Municipio,$O$3,Plan1_Rede,"Privada")) -> 390585 | K5: =IF($L5=0,0,J5/$L5) -> 0.16915427 | L5: =B5+J5 -> 2309046
A6: 2017 | B6: =D6+F6+H6 -> 1921338 | C6: =IF($L6=0,0,B6/$L6) -> 0.83375014 | D6: =IF($O$2=1,SUMIFS(INDEX(Plan1_Faixas,0,1),Plan1_Ano,$A6,Plan1_Municipio,$O$3,Plan1_Rede,"Federal")+SUMIFS(INDEX(Plan1_Faixas,0,2),Plan1_Ano,$A6,Plan1_Municipio,$O$3,Plan1_Rede,"Federal")+SUMIFS(INDEX(Plan1_Faixas,0,3),Plan1_Ano,$A6,Plan1_Municipio,$O$3,Plan1_Rede,"Federal")+SUMIFS(INDEX(Plan1_Faixas,0,4),Plan1_Ano,$A6,Plan1_Municipio,$O$3,Plan1_Rede,"Federal")+SUMIFS(INDEX(Plan1_Faixas,0,5),Plan1_Ano,$A6,Plan1_Municipio,$O$3,Plan1_Rede,"Federal"),SUMIFS(INDEX(Plan1_Faixas,0,$O$2-1),Plan1_Ano,$A6,Plan1_Municipio,$O$3,Plan1_Rede,"Federal")) -> 7548 | E6: =IF($L6=0,0,D6/$L6) -> 0.0032753977 | F6: =IF($O$2=1,SUMIFS(INDEX(Plan1_Faixas,0,1),Plan1_Ano,$A6,Plan1_Municipio,$O$3,Plan1_Rede,"Estadual")+SUMIFS(INDEX(Plan1_Faixas,0,2),Plan1_Ano,$A6,Plan1_Municipio,$O$3,Plan1_Rede,"Estadual")+SUMIFS(INDEX(Plan1_Faixas,0,3),Plan1_Ano,$A6,Plan1_Municipio,$O$3,Plan1_Rede,"Estadual")+SUMIFS(INDEX(Plan1_Faixas,0,4),Plan1_Ano,$A6,Plan1_Municipio,$O$3,Plan1_Rede,"Estadual")+SUMIFS(INDEX(Plan1_Faixas,0,5),Plan1_Ano,$A6,Plan1_Municipio,$O$3,Plan1_Rede,"Estadual"),SUMIFS(INDEX(Plan1_Faixas,0,$O$2-1),Plan1_Ano,$A6,Plan1_Municipio,$O$3,Plan1_Rede,"Estadual")) -> 879431 | G6: =IF($L6=0,0,F6/$L6) -> 0.38162245 | H6: =IF($O$2=1,SUMIFS(INDEX(Plan1_Faixas,0,1),Plan1_Ano,$A6,Plan1_Municipio,$O$3,Plan1_Rede,"Municipal")+SUMIFS(INDEX(Plan1_Faixas,0,2),Plan1_Ano,$A6,Plan1_Municipio,$O$3,Plan1_Rede,"Municipal")+SUMIFS(INDEX(Plan1_Faixas,0,3),Plan1_Ano,$A6,Plan1_Municipio,$O$3,Plan1_Rede,"Municipal")+SUMIFS(INDEX(Plan1_Faixas,0,4),Plan1_Ano,$A6,Plan1_Municipio,$O$3,Plan1_Rede,"Municipal")+SUMIFS(INDEX(Plan1_Faixas,0,5),Plan1_Ano,$A6,Plan1_Municipio,$O$3,Plan1_Rede,"Municipal"),SUMIFS(INDEX(Plan1_Faixas,0,$O$2-1),Plan1_Ano,$A6,Plan1_Municipio,$O$3,Plan1_Rede,"Municipal")) -> 1034359 | I6: =IF($L6=0,0,H6/$L6) -> 0.44885229 | J6: =IF($O$2=1,SUMIFS(INDEX(Plan1_Faixas,0,1),Plan1_Ano,$A6,Plan1_Municipio,$O$3,Plan1_Rede,"Privada")+SUMIFS(INDEX(Plan1_Faixas,0,2),Plan1_Ano,$A6,Plan1_Municipio,$O$3,Plan1_Rede,"Privada")+SUMIFS(INDEX(Plan1_Faixas,0,3),Plan1_Ano,$A6,Plan1_Municipio,$O$3,Plan1_Rede,"Privada")+SUMIFS(INDEX(Plan1_Faixas,0,4),Plan1_Ano,$A6,Plan1_Municipio,$O$3,Plan1_Rede,"Privada")+SUMIFS(INDEX(Plan1_Faixas,0,5),Plan1_Ano,$A6,Plan1_Municipio,$O$3,Plan1_Rede,"Privada"),SUMIFS(INDEX(Plan1_Faixas,0,$O$2-1),Plan1_Ano,$A6,Plan1_Municipio,$O$3,Plan1_Rede,"Privada")) -> 383115 | K6: =IF($L6=0,0,J6/$L6) -> 0.16624986 | L6: =B6+J6 -> 2304453
A7: 2018 | B7: =D7+F7+H7 -> 1918493 | C7: =IF($L7=0,0,B7/$L7) -> 0.83365583 | D7: =IF($O$2=1,SUMIFS(INDEX(Plan1_Faixas,0,1),Plan1_Ano,$A7,Plan1_Municipio,$O$3,Plan1_Rede,"Federal")+SUMIFS(INDEX(Plan1_Faixas,0,2),Plan1_Ano,$A7,Plan1_Municipio,$O$3,Plan1_Rede,"Federal")+SUMIFS(INDEX(Plan1_Faixas,0,3),Plan1_Ano,$A7,Plan1_Municipio,$O$3,Plan1_Rede,"Federal")+SUMIFS(INDEX(Plan1_Faixas,0,4),Plan1_Ano,$A7,Plan1_Municipio,$O$3,Plan1_Rede,"Federal")+SUMIFS(INDEX(Plan1_Faixas,0,5),Plan1_Ano,$A7,Plan1_Municipio,$O$3,Plan1_Rede,"Federal"),SUMIFS(INDEX(Plan1_Faixas,0,$O$2-1),Plan1_Ano,$A7,Plan1_Municipio,$O$3,Plan1_Rede,"Federal")) -> 8414 | E7: =IF($L7=0,0,D7/$L7) -> 0.0036561927 | F7: =IF($O$2=1,SUMIFS(INDEX(Plan1_Faixas,0,1),Plan1_Ano,$A7,Plan1_Municipio,$O$3,Plan1_Rede,"Estadual")+SUMIFS(INDEX(Plan1_Faixas,0,2),Plan1_Ano,$A7,Plan1_Municipio,$O$3,Plan1_Rede,"Estadual")+SUMIFS(INDEX(Plan1_Faixas,0,3),Plan1_Ano,$A7,Plan1_Municipio,$O$3,Plan1_Rede,"Estadual")+SUMIFS(INDEX(Plan1_Faixas,0,4),Plan1_Ano,$A7,Plan1_Municipio,$O$3,Plan1_Rede,"Estadual")+SUMIFS(INDEX(Plan1_Faixas,0,5),Plan1_Ano,$A7,Plan1_Municipio,$O$3,Plan1_Rede,"Estadual"),SUMIFS(INDEX(Plan1_Faixas,0,$O$2-1),Plan1_Ano,$A7,Plan1_Municipio,$O$3,Plan1_Rede,"Estadual")) -> 864196 | G7: =IF($L7=0,0,F7/$L7) -> 0.37552497 | H7: =IF($O$2=1,SUMIFS(INDEX(Plan1_Faixas,0,1),Plan1_Ano,$A7,Plan1_Municipio,$O$3,Plan1_Rede,"Municipal")+SUMIFS(INDEX(Plan1_Faixas,0,2),Plan1_Ano,$A7,Plan1_Municipio,$O$3,Plan1_Rede,"Municipal")+SUMIFS(INDEX(Plan1_Faixas,0,3),Plan1_Ano,$A7,Plan1_Municipio,$O$3,Plan1_Rede,"Municipal")+SUMIFS(INDEX(Plan1_Faixas,0,4),Plan1_Ano,$A7,Plan1_Municipio,$O$3,Plan1_Rede,"Municipal")+SUMIFS(INDEX(Plan1_Faixas,0,5),Plan1_Ano,$A7,Plan1_Municipio,$O$3,Plan1_Rede,"Municipal"),SUMIFS(INDEX(Plan1_Faixas,0,$O$2-1),Plan1_Ano,$A7,Plan1_Municipio,$O$3,Plan1_Rede,"Municipal")) -> 1045883 | I7: =IF($L7=0,0,H7/$L7) -> 0.45447466 | J7: =IF($O$2=1,SUMIFS(INDEX(Plan1_Faixas,0,1),Plan1_Ano,$A7,Plan1_Municipio,$O$3,Plan1_Rede,"Privada")+SUMIFS(INDEX(Plan1_Faixas,0,2),Plan1_Ano,$A7,Plan1_Municipio,$O$3,Plan1_Rede,"Privada")+SUMIFS(INDEX(Plan1_Faixas,0,3),Plan1_Ano,$A7,Plan1_Municipio,$O$3,Plan1_Rede,"Privada")+SUMIFS(INDEX(Plan1_Faixas,0,4),Plan1_Ano,$A7,Plan1_Municipio,$O$3,Plan1_Rede,"Privada")+SUMIFS(INDEX(Plan1_Faixas,0,5),Plan1_Ano,$A7,Plan1_Municipio,$O$3,Plan1_Rede,"Privada"),SUMIFS(INDEX(Plan1_Faixas,0,$O$2-1),Plan1_Ano,$A7,Plan1_Municipio,$O$3,Plan1_Rede,"Privada")) -> 382808 | K7: =IF($L7=0,0,J7/$L7) -> 0.16634417 | L7: =B7+J7 -> 2301301
A8: 2019 | B8: =D8+F8+H8 -> 1906102 | C8: =IF($L8=0,0,B8/$L8) -> 0.83088766 | D8: =IF($O$2=1,SUMIFS(INDEX(Plan1_Faixas,0,1),Plan1_Ano,$A8,Plan1_Municipio,$O$3,Plan1_Rede,"Federal")+SUMIFS(INDEX(Plan1_Faixas,0,2),Plan1_Ano,$A8,Plan1_Municipio,$O$3,Plan1_Rede,"Federal")+SUMIFS(INDEX(Plan1_Faixas,0,3),Plan1_Ano,$A8,Plan1_Municipio,$O$3,Plan1_Rede,"Federal")+SUMIFS(INDEX(Plan1_Faixas,0,4),Plan1_Ano,$A8,Plan1_Municipio,$O$3,Plan1_Rede,"Federal")+SUMIFS(INDEX(Plan1_Faixas,0,5),Plan1_Ano,$A8,Plan1_Municipio,$O$3,Plan1_Rede,"Federal"),SUMIFS(INDEX(Plan1_Faixas,0,$O$2-1),Plan1_Ano,$A8,Plan1_Municipio,$O$3,Plan1_Rede,"Federal")) -> 8413 | E8: =IF($L8=0,0,D8/$L8) -> 0.0036673053 | F8: =IF($O$2=1,SUMIFS(INDEX(Plan1_Faixas,0,1),Plan1_Ano,$A8,Plan1_Municipio,$O$3,Plan1_Rede,"Estadual")+SUMIFS(INDEX(Plan1_Faixas,0,2),Plan1_Ano,$A8,Plan1_Municipio,$O$3,Plan1_Rede,"Estadual")+SUMIFS(INDEX(Plan1_Faixas,0,3),Plan1_Ano,$A8,Plan1_Municipio,$O$3,Plan1_Rede,"Estadual")+SUMIFS(INDEX(Plan1_Faixas,0,4),Plan1_Ano,$A8,Plan1_Municipio,$O$3,Plan1_Rede,"Estadual")+SUMIFS(INDEX(Plan1_Faixas,0,5),Plan1_Ano,$A8,Plan1_Municipio,$O$3,Plan1_Rede,"Estadual"),SUMIFS(INDEX(Plan1_Faixas,0,$O$2-1),Plan1_Ano,$A8,Plan1_Municipio,$O$3,Plan1_Rede,"Estadual")) -> 851334 | G8: =IF($L8=0,0,F8/$L8) -> 0.37110444 | H8: =IF($O$2=1,SUMIFS(INDEX(Plan1_Faixas,0,1),Plan1_Ano,$A8,Plan1_Municipio,$O$3,Plan1_Rede,"Municipal")+SUMIFS(INDEX(Plan1_Faixas,0,2),Plan1_Ano,$A8,Plan1_Municipio,$O$3,Plan1_Rede,"Municipal")+SUMIFS(INDEX(Plan1_Faixas,0,3),Plan1_Ano,$A8,Plan1_Municipio,$O$3,Plan1_Rede,"Municipal")+SUMIFS(INDEX(Plan1_Faixas,0,4),Plan1_Ano,$A8,Plan1_Municipio,$O$3,Plan1_Rede,"Municipal")+SUMIFS(INDEX(Plan1_Faixas,0,5),Plan1_Ano,$A8,Plan1_Municipio,$O$3,Plan1_Rede,"Municipal"),SUMIFS(INDEX(Plan1_Faixas,0,$O$2-1),Plan1_Ano,$A8,Plan1_Municipio,$O$3,Plan1_Rede,"Municipal")) -> 1046355 | I8: =IF($L8=0,0,H8/$L8) -> 0.45611592 | J8: =IF($O$2=1,SUMIFS(INDEX(Plan1_Faixas,0,1),Plan1_Ano,$A8,Plan1_Municipio,$O$3,Plan1_Rede,"Privada")+SUMIFS(INDEX(Plan1_Faixas,0,2),Plan1_Ano,$A8,Plan1_Municipio,$O$3,Plan1_Rede,"Privada")+SUMIFS(INDEX(Plan1_Faixas,0,3),Plan1_Ano,$A8,Plan1_Municipio,$O$3,Plan1_Rede,"Privada")+SUMIFS(INDEX(Plan1_Faixas,0,4),Plan1_Ano,$A8,Plan1_Municipio,$O$3,Plan1_Rede,"Privada")+SUMIFS(INDEX(Plan1_Faixas,0,5),Plan1_Ano,$A8,Plan1_Municipio,$O$3,Plan1_Rede,"Privada"),SUMIFS(INDEX(Plan1_Faixas,0,$O$2-1),Plan1_Ano,$A8,Plan1_Municipio,$O$3,Plan1_Rede,"Privada")) -> 387953 | K8: =IF($L8=0,0,J8/$L8) -> 0.16911234 | L8: =B8+J8 -> 2294055
A9: 2020 | B9: =D9+F9+H9 -> 1922875 | C9: =IF($L9=0,0,B9/$L9) -> 0.83615076 | D9: =IF($O$2=1,SUMIFS(INDEX(Plan1_Faixas,0,1),Plan1_Ano,$A9,Plan1_Municipio,$O$3,Plan1_Rede,"Federal")+SUMIFS(INDEX(Plan1_Faixas,0,2),Plan1_Ano,$A9,Plan1_Municipio,$O$3,Plan1_Rede,"Federal")+SUMIFS(INDEX(Plan1_Faixas,0,3),Plan1_Ano,$A9,Plan1_Municipio,$O$3,Plan1_Rede,"Federal")+SUMIFS(INDEX(Plan1_Faixas,0,4),Plan1_Ano,$A9,Plan1_Municipio,$O$3,Plan1_Rede,"Federal")+SUMIFS(INDEX(Plan1_Faixas,0,5),Plan1_Ano,$A9,Plan1_Municipio,$O$3,Plan1_Rede,"Federal"),SUMIFS(INDEX(Plan1_Faixas,0,$O$2-1),Plan1_Ano,$A9,Plan1_Municipio,$O$3,Plan1_Rede,"Federal")) -> 8158 | E9: =IF($L9=0,0,D9/$L9) -> 0.0035474578 | F9: =IF($O$2=1,SUMIFS(INDEX(Plan1_Faixas,0,1),Plan1_Ano,$A9,Plan1_Municipio,$O$3,Plan1_Rede,"Estadual")+SUMIFS(INDEX(Plan1_Faixas,0,2),Plan1_Ano,$A9,Plan1_Municipio,$O$3,Plan1_Rede,"Estadual")+SUMIFS(INDEX(Plan1_Faixas,0,3),Plan1_Ano,$A9,Plan1_Municipio,$O$3,Plan1_Rede,"Estadual")+SUMIFS(INDEX(Plan1_Faixas,0,4),Plan1_Ano,$A9,Plan1_Municipio,$O$3,Plan1_Rede,"Estadual")+SUMIFS(INDEX(Plan1_Faixas,0,5),Plan1_Ano,$A9,Plan1_Municipio,$O$3,Plan1_Rede,"Estadual"),SUMIFS(INDEX(Plan1_Faixas,0,$O$2-1),Plan1_Ano,$A9,Plan1_Municipio,$O$3,Plan1_Rede,"Estadual")) -> 864313 | G9: =IF($L9=0,0,F9/$L9) -> 0.37584137 | H9: =IF($O$2=1,SUMIFS(INDEX(Plan1_Faixas,0,1),Plan1_Ano,$A9,Plan1_Municipio,$O$3,Plan1_Rede,"Municipal")+SUMIFS(INDEX(Plan1_Faixas,0,2),Plan1_Ano,$A9,Plan1_Municipio,$O$3,Plan1_Rede,"Municipal")+SUMIFS(INDEX(Plan1_Faixas,0,3),Plan1_Ano,$A9,Plan1_Municipio,$O$3,Plan1_Rede,"Municipal")+SUMIFS(INDEX(Plan1_Faixas,0,4),Plan1_Ano,$A9,Plan1_Municipio,$O$3,Plan1_Rede,"Municipal")+SUMIFS(INDEX(Plan1_Faixas,0,5),Plan1_Ano,$A9,Plan1_Municipio,$O$3,Plan1_Rede,"Municipal"),SUMIFS(INDEX(Plan1_Faixas,0,$O$2-1),Plan1_Ano,$A9,Plan1_Municipio,$O$3,Plan1_Rede,"Municipal")) -> 1050404 | I9: =IF($L9=0,0,H9/$L9) -> 0.45676193 | J9: =IF($O$2=1,SUMIFS(INDEX(Plan1_Faixas,0,1),Plan1_Ano,$A9,Plan1_Municipio,$O$3,Plan1_Rede,"Privada")+SUMIFS(INDEX(Plan1_Faixas,0,2),Plan1_Ano,$A9,Plan1_Municipio,$O$3,Plan1_Rede,"Privada")+SUMIFS(INDEX(Plan1_Faixas,0,3),Plan1_Ano,$A9,Plan1_Municipio,$O$3,Plan1_Rede,"Privada")+SUMIFS(INDEX(Plan1_Faixas,0,4),Plan1_Ano,$A9,Plan1_Municipio,$O$3,Plan1_Rede,"Privada")+SUMIFS(INDEX(Plan1_Faixas,0,5),Plan1_Ano,$A9,Plan1_Municipio,$O$3,Plan1_Rede,"Privada"),SUMIFS(INDEX(Plan1_Faixas,0,$O$2-1),Plan1_Ano,$A9,Plan1_Municipio,$O$3,Plan1_Rede,"Privada")) -> 376800 | K9: =IF($L9=0,0,J9/$L9) -> 0.16384924 | L9: =B9+J9 -> 2299675
A10: 2021 | B10: =D10+F10+H10 -> 1825771 | C10: =IF($L10=0,0,B10/$L10) -> 0.8420746 | D10: =IF($O$2=1,SUMIFS(INDEX(Plan1_Faixas,0,1),Plan1_Ano,$A10,Plan1_Municipio,$O$3,Plan1_Rede,"Federal")+SUMIFS(INDEX(Plan1_Faixas,0,2),Plan1_Ano,$A10,Plan1_Municipio,$O$3,Plan1_Rede,"Federal")+SUMIFS(INDEX(Plan1_Faixas,0,3),Plan1_Ano,$A10,Plan1_Municipio,$O$3,Plan1_Rede,"Federal")+SUMIFS(INDEX(Plan1_Faixas,0,4),Plan1_Ano,$A10,Plan1_Municipio,$O$3,Plan1_Rede,"Federal")+SUMIFS(INDEX(Plan1_Faixas,0,5),Plan1_Ano,$A10,Plan1_Municipio,$O$3,Plan1_Rede,"Federal"),SUMIFS(INDEX(Plan1_Faixas,0,$O$2-1),Plan1_Ano,$A10,Plan1_Municipio,$O$3,Plan1_Rede,"Federal")) -> 6697 | E10: =IF($L10=0,0,D10/$L10) -> 0.0030887628 | F10: =IF($O$2=1,SUMIFS(INDEX(Plan1_Faixas,0,1),Plan1_Ano,$A10,Plan1_Municipio,$O$3,Plan1_Rede,"Estadual")+SUMIFS(INDEX(Plan1_Faixas,0,2),Plan1_Ano,$A10,Plan1_Municipio,$O$3,Plan1_Rede,"Estadual")+SUMIFS(INDEX(Plan1_Faixas,0,3),Plan1_Ano,$A10,Plan1_Municipio,$O$3,Plan1_Rede,"Estadual")+SUMIFS(INDEX(Plan1_Faixas,0,4),Plan1_Ano,$A10,Plan1_Municipio,$O$3,Plan1_Rede,"Estadual")+SUMIFS(INDEX(Plan1_Faixas,0,5),Plan1_Ano,$A10,Plan1_Municipio,$O$3,Plan1_Rede,"Estadual"),SUMIFS(INDEX(Plan1_Faixas,0,$O$2-1),Plan1_Ano,$A10,Plan1_Municipio,$O$3,Plan1_Rede,"Estadual")) -> 780744 | G10: =IF($L10=0,0,F10/$L10) -> 0.36009154 | H10: =IF($O$2=1,SUMIFS(INDEX(Plan1_Faixas,0,1),Plan1_Ano,$A10,Plan1_Municipio,$O$3,Plan1_Rede,"Municipal")+SUMIFS(INDEX(Plan1_Faixas,0,2),Plan1_Ano,$A10,Plan1_Municipio,$O$3,Plan1_Rede,"Municipal")+SUMIFS(INDEX(Plan1_Faixas,0,3),Plan1_Ano,$A10,Plan1_Municipio,$O$3,Plan1_Rede,"Municipal")+SUMIFS(INDEX(Plan1_Faixas,0,4),Plan1_Ano,$A10,Plan1_Municipio,$O$3,Plan1_Rede,"Municipal")+SUMIFS(INDEX(Plan1_Faixas,0,5),Plan1_Ano,$A10,Plan1_Municipio,$O$3,Plan1_Rede,"Municipal"),SUMIFS(INDEX(Plan1_Faixas,0,$O$2-1),Plan1_Ano,$A10,Plan1_Municipio,$O$3,Plan1_Rede,"Municipal")) -> 1038330 | I10: =IF($L10=0,0,H10/$L10) -> 0.4788943 | J10: =IF($O$2=1,SUMIFS(INDEX(Plan1_Faixas,0,1),Plan1_Ano,$A10,Plan1_Municipio,$O$3,Plan1_Rede,"Privada")+SUMIFS(INDEX(Plan1_Faixas,0,2),Plan1_Ano,$A10,Plan1_Municipio,$O$3,Plan1_Rede,"Privada")+SUMIFS(INDEX(Plan1_Faixas,0,3),Plan1_Ano,$A10,Plan1_Municipio,$O$3,Plan1_Rede,"Privada")+SUMIFS(INDEX(Plan1_Faixas,0,4),Plan1_Ano,$A10,Plan1_Municipio,$O$3,Plan1_Rede,"Privada")+SUMIFS(INDEX(Plan1_Faixas,0,5),Plan1_Ano,$A10,Plan1_Municipio,$O$3,Plan1_Rede,"Privada"),SUMIFS(INDEX(Plan1_Faixas,0,$O$2-1),Plan1_Ano,$A10,Plan1_Municipio,$O$3,Plan1_Rede,"Privada")) -> 342411 | K10: =IF($L10=0,0,J10/$L10) -> 0.1579254 | L10: =B10+J10 -> 2168182
A11: 2022 | B11: =D11+F11+H11 -> 1921832 | C11: =IF($L11=0,0,B11/$L11) -> 0.83635185 | D11: =IF($O$2=1,SUMIFS(INDEX(Plan1_Faixas,0,1),Plan1_Ano,$A11,Plan1_Municipio,$O$3,Plan1_Rede,"Federal")+SUMIFS(INDEX(Plan1_Faixas,0,2),Plan1_Ano,$A11,Plan1_Municipio,$O$3,Plan1_Rede,"Federal")+SUMIFS(INDEX(Plan1_Faixas,0,3),Plan1_Ano,$A11,Plan1_Municipio,$O$3,Plan1_Rede,"Federal")+SUMIFS(INDEX(Plan1_Faixas,0,4),Plan1_Ano,$A11,Plan1_Municipio,$O$3,Plan1_Rede,"Federal")+SUMIFS(INDEX(Plan1_Faixas,0,5),Plan1_Ano,$A11,Plan1_Municipio,$O$3,Plan1_Rede,"Federal"),SUMIFS(INDEX(Plan1_Faixas,0,$O$2-1),Plan1_Ano,$A11,Plan1_Municipio,$O$3,Plan1_Rede,"Federal")) -> 7074 | E11: =IF($L11=0,0,D11/$L11) -> 0.0030784964 | F11: =IF($O$2=1,SUMIFS(INDEX(Plan1_Faixas,0,1),Plan1_Ano,$A11,Plan1_Municipio,$O$3,Plan1_Rede,"Estadual")+SUMIFS(INDEX(Plan1_Faixas,0,2),Plan1_Ano,$A11,Plan1_Municipio,$O$3,Plan1_Rede,"Estadual")+SUMIFS(INDEX(Plan1_Faixas,0,3),Plan1_Ano,$A11,Plan1_Municipio,$O$3,Plan1_Rede,"Estadual")+SUMIFS(INDEX(Plan1_Faixas,0,4),Plan1_Ano,$A11,Plan1_Municipio,$O$3,Plan1_Rede,"Estadual")+SUMIFS(INDEX(Plan1_Faixas,0,5),Plan1_Ano,$A11,Plan1_Municipio,$O$3,Plan1_Rede,"Estadual"),SUMIFS(INDEX(Plan1_Faixas,0,$O$2-1),Plan1_Ano,$A11,Plan1_Municipio,$O$3,Plan1_Rede,"Estadual")) -> 857434 | G11: =IF($L11=0,0,F11/$L11) -> 0.37314214 | H11: =IF($O$2=1,SUMIFS(INDEX(Plan1_Faixas,0,1),Plan1_Ano,$A11,Plan1_Municipio,$O$3,Plan1_Rede,"Municipal")+SUMIFS(INDEX(Plan1_Faixas,0,2),Plan1_Ano,$A11,Plan1_Municipio,$O$3,Plan1_Rede,"Municipal")+SUMIFS(INDEX(Plan1_Faixas,0,3),Plan1_Ano,$A11,Plan1_Municipio,$O$3,Plan1_Rede,"Municipal")+SUMIFS(INDEX(Plan1_Faixas,0,4),Plan1_Ano,$A11,Plan1_Municipio,$O$3,Plan1_Rede,"Municipal")+SUMIFS(INDEX(Plan1_Faixas,0,5),Plan1_Ano,$A11,Plan1_Municipio,$O$3,Plan1_Rede,"Municipal"),SUMIFS(INDEX(Plan1_Faixas,0,$O$2-1),Plan1_Ano,$A11,Plan1_Municipio,$O$3,Plan1_Rede,"Municipal")) -> 1057324 | I11: =IF($L11=0,0,H11/$L11) -> 0.46013121 | J11: =IF($O$2=1,SUMIFS(INDEX(Plan1_Faixas,0,1),Plan1_Ano,$A11,Plan1_Municipio,$O$3,Plan1_Rede,"Privada")+SUMIFS(INDEX(Plan1_Faixas,0,2),Plan1_Ano,$A11,Plan1_Municipio,$O$3,Plan1_Rede,"Privada")+SUMIFS(INDEX(Plan1_Faixas,0,3),Plan1_Ano,$A11,Plan1_Municipio,$O$3,Plan1_Rede,"Privada")+SUMIFS(INDEX(Plan1_Faixas,0,4),Plan1_Ano,$A11,Plan1_Municipio,$O$3,Plan1_Rede,"Privada")+SUMIFS(INDEX(Plan1_Faixas,0,5),Plan1_Ano,$A11,Plan1_Municipio,$O$3,Plan1_Rede,"Privada"),SUMIFS(INDEX(Plan1_Faixas,0,$O$2-1),Plan1_Ano,$A11,Plan1_Municipio,$O$3,Plan1_Rede,"Privada")) -> 376043 | K11: =IF($L11=0,0,J11/$L11) -> 0.16364815 | L11: =B11+J11 -> 2297875
A12: 2023 | B12: =D12+F12+H12 -> 1908313 | C12: =IF($L12=0,0,B12/$L12) -> 0.82999397 | D12: =IF($O$2=1,SUMIFS(INDEX(Plan1_Faixas,0,1),Plan1_Ano,$A12,Plan1_Municipio,$O$3,Plan1_Rede,"Federal")+SUMIFS(INDEX(Plan1_Faixas,0,2),Plan1_Ano,$A12,Plan1_Municipio,$O$3,Plan1_Rede,"Federal")+SUMIFS(INDEX(Plan1_Faixas,0,3),Plan1_Ano,$A12,Plan1_Municipio,$O$3,Plan1_Rede,"Federal")+SUMIFS(INDEX(Plan1_Faixas,0,4),Plan1_Ano,$A12,Plan1_Municipio,$O$3,Plan1_Rede,"Federal")+SUMIFS(INDEX(Plan1_Faixas,0,5),Plan1_Ano,$A12,Plan1_Municipio,$O$3,Plan1_Rede,"Federal"),SUMIFS(INDEX(Plan1_Faixas,0,$O$2-1),Plan1_Ano,$A12,Plan1_Municipio,$O$3,Plan1_Rede,"Federal")) -> 7213 | E12: =IF($L12=0,0,D12/$L12) -> 0.0031371932 | F12: =IF($O$2=1,SUMIFS(INDEX(Plan1_Faixas,0,1),Plan1_Ano,$A12,Plan1_Municipio,$O$3,Plan1_Rede,"Estadual")+SUMIFS(INDEX(Plan1_Faixas,0,2),Plan1_Ano,$A12,Plan1_Municipio,$O$3,Plan1_Rede,"Estadual")+SUMIFS(INDEX(Plan1_Faixas,0,3),Plan1_Ano,$A12,Plan1_Municipio,$O$3,Plan1_Rede,"Estadual")+SUMIFS(INDEX(Plan1_Faixas,0,4),Plan1_Ano,$A12,Plan1_Municipio,$O$3,Plan1_Rede,"Estadual")+SUMIFS(INDEX(Plan1_Faixas,0,5),Plan1_Ano,$A12,Plan1_Municipio,$O$3,Plan1_Rede,"Estadual"),SUMIFS(INDEX(Plan1_Faixas,0,$O$2-1),Plan1_Ano,$A12,Plan1_Municipio,$O$3,Plan1_Rede,"Estadual")) -> 820973 | G12: =IF($L12=0,0,F12/$L12) -> 0.35707069 | H12: =IF($O$2=1,SUMIFS(INDEX(Plan1_Faixas,0,1),Plan1_Ano,$A12,Plan1_Municipio,$O$3,Plan1_Rede,"Municipal")+SUMIFS(INDEX(Plan1_Faixas,0,2),Plan1_Ano,$A12,Plan1_Municipio,$O$3,Plan1_Rede,"Municipal")+SUMIFS(INDEX(Plan1_Faixas,0,3),Plan1_Ano,$A12,Plan1_Municipio,$O$3,Plan1_Rede,"Municipal")+SUMIFS(INDEX(Plan1_Faixas,0,4),Plan1_Ano,$A12,Plan1_Municipio,$O$3,Plan1_Rede,"Municipal")+SUMIFS(INDEX(Plan1_Faixas,0,5),Plan1_Ano,$A12,Plan1_Municipio,$O$3,Plan1_Rede,"Municipal"),SUMIFS(INDEX(Plan1_Faixas,0,$O$2-1),Plan1_Ano,$A12,Plan1_Municipio,$O$3,Plan1_Rede,"Municipal")) -> 1080127 | I12: =IF($L12=0,0,H12/$L12) -> 0.46978609 | J12: =IF($O$2=1,SUMIFS(INDEX(Plan1_Faixas,0,1),Plan1_Ano,$A12,Plan1_Municipio,$O$3,Plan1_Rede,"Privada")+SUMIFS(INDEX(Plan1_Faixas,0,2),Plan1_Ano,$A12,Plan1_Municipio,$O$3,Plan1_Rede,"Privada")+SUMIFS(INDEX(Plan1_Faixas,0,3),Plan1_Ano,$A12,Plan1_Municipio,$O$3,Plan1_Rede,"Privada")+SUMIFS(INDEX(Plan1_Faixas,0,4),Plan1_Ano,$A12,Plan1_Municipio,$O$3,Plan1_Rede,"Privada")+SUMIFS(INDEX(Plan1_Faixas,0,5),Plan1_Ano,$A12,Plan1_Municipio,$O$3,Plan1_Rede,"Privada"),SUMIFS(INDEX(Plan1_Faixas,0,$O$2-1),Plan1_Ano,$A12,Plan1_Municipio,$O$3,Plan1_Rede,"Privada")) -> 390876 | K12: =IF($L12=0,0,J12/$L12) -> 0.17000603 | L12: =B12+J12 -> 2299189
A13: 2024 | B13: =D13+F13+H13 -> 1932608 | C13: =IF($L13=0,0,B13/$L13) -> 0.82757475 | D13: =IF($O$2=1,SUMIFS(INDEX(Plan1_Faixas,0,1),Plan1_Ano,$A13,Plan1_Municipio,$O$3,Plan1_Rede,"Federal")+SUMIFS(INDEX(Plan1_Faixas,0,2),Plan1_Ano,$A13,Plan1_Municipio,$O$3,Plan1_Rede,"Federal")+SUMIFS(INDEX(Plan1_Faixas,0,3),Plan1_Ano,$A13,Plan1_Municipio,$O$3,Plan1_Rede,"Federal")+SUMIFS(INDEX(Plan1_Faixas,0,4),Plan1_Ano,$A13,Plan1_Municipio,$O$3,Plan1_Rede,"Federal")+SUMIFS(INDEX(Plan1_Faixas,0,5),Plan1_Ano,$A13,Plan1_Municipio,$O$3,Plan1_Rede,"Federal"),SUMIFS(INDEX(Plan1_Faixas,0,$O$2-1),Plan1_Ano,$A13,Plan1_Municipio,$O$3,Plan1_Rede,"Federal")) -> 7899 | E13: =IF($L13=0,0,D13/$L13) -> 0.0033824826 | F13: =IF($O$2=1,SUMIFS(INDEX(Plan1_Faixas,0,1),Plan1_Ano,$A13,Plan1_Municipio,$O$3,Plan1_Rede,"Estadual")+SUMIFS(INDEX(Plan1_Faixas,0,2),Plan1_Ano,$A13,Plan1_Municipio,$O$3,Plan1_Rede,"Estadual")+SUMIFS(INDEX(Plan1_Faixas,0,3),Plan1_Ano,$A13,Plan1_Municipio,$O$3,Plan1_Rede,"Estadual")+SUMIFS(INDEX(Plan1_Faixas,0,4),Plan1_Ano,$A13,Plan1_Municipio,$O$3,Plan1_Rede,"Estadual")+SUMIFS(INDEX(Plan1_Faixas,0,5),Plan1_Ano,$A13,Plan1_Municipio,$O$3,Plan1_Rede,"Estadual"),SUMIFS(INDEX(Plan1_Faixas,0,$O$2-1),Plan1_Ano,$A13,Plan1_Municipio,$O$3,Plan1_Rede,"Estadual")) -> 832822 | G13: =IF($L13=0,0,F13/$L13) -> 0.35662817 | H13: =IF($O$2=1,SUMIFS(INDEX(Plan1_Faixas,0,1),Plan1_Ano,$A13,Plan1_Municipio,$O$3,Plan1_Rede,"Municipal")+SUMIFS(INDEX(Plan1_Faixas,0,2),Plan1_Ano,$A13,Plan1_Municipio,$O$3,Plan1_Rede,"Municipal")+SUMIFS(INDEX(Plan1_Faixas,0,3),Plan1_Ano,$A13,Plan1_Municipio,$O$3,Plan1_Rede,"Municipal")+SUMIFS(INDEX(Plan1_Faixas,0,4),Plan1_Ano,$A13,Plan1_Municipio,$O$3,Plan1_Rede,"Municipal")+SUMIFS(INDEX(Plan1_Faixas,0,5),Plan1_Ano,$A13,Plan1_Municipio,$O$3,Plan1_Rede,"Municipal"),SUMIFS(INDEX(Plan1_Faixas,0,$O$2-1),Plan1_Ano,$A13,Plan1_Municipio,$O$3,Plan1_Rede,"Municipal")) -> 1091887 | I13: =IF($L13=0,0,H13/$L13) -> 0.46756409 | J13: =IF($O$2=1,SUMIFS(INDEX(Plan1_Faixas,0,1),Plan1_Ano,$A13,Plan1_Municipio,$O$3,Plan1_Rede,"Privada")+SUMIFS(INDEX(Plan1_Faixas,0,2),Plan1_Ano,$A13,Plan1_Municipio,$O$3,Plan1_Rede,"Privada")+SUMIFS(INDEX(Plan1_Faixas,0,3),Plan1_Ano,$A13,Plan1_Municipio,$O$3,Plan1_Rede,"Privada")+SUMIFS(INDEX(Plan1_Faixas,0,4),Plan1_Ano,$A13,Plan1_Municipio,$O$3,Plan1_Rede,"Privada")+SUMIFS(INDEX(Plan1_Faixas,0,5),Plan1_Ano,$A13,Plan1_Municipio,$O$3,Plan1_Rede,"Privada"),SUMIFS(INDEX(Plan1_Faixas,0,$O$2-1),Plan1_Ano,$A13,Plan1_Municipio,$O$3,Plan1_Rede,"Privada")) -> 402659 | K13: =IF($L13=0,0,J13/$L13) -> 0.17242525 | L13: =B13+J13 -> 2335267
A14: 2025 | B14: =D14+F14+H14 -> 1887071 | C14: =IF($L14=0,0,B14/$L14) -> 0.8233682 | D14: =IF($O$2=1,SUMIFS(INDEX(Plan1_Faixas,0,1),Plan1_Ano,$A14,Plan1_Municipio,$O$3,Plan1_Rede,"Federal")+SUMIFS(INDEX(Plan1_Faixas,0,2),Plan1_Ano,$A14,Plan1_Municipio,$O$3,Plan1_Rede,"Federal")+SUMIFS(INDEX(Plan1_Faixas,0,3),Plan1_Ano,$A14,Plan1_Municipio,$O$3,Plan1_Rede,"Federal")+SUMIFS(INDEX(Plan1_Faixas,0,4),Plan1_Ano,$A14,Plan1_Municipio,$O$3,Plan1_Rede,"Federal")+SUMIFS(INDEX(Plan1_Faixas,0,5),Plan1_Ano,$A14,Plan1_Municipio,$O$3,Plan1_Rede,"Federal"),SUMIFS(INDEX(Plan1_Faixas,0,$O$2-1),Plan1_Ano,$A14,Plan1_Municipio,$O$3,Plan1_Rede,"Federal")) -> 8380 | E14: =IF($L14=0,0,D14/$L14) -> 0.0036563678 | F14: =IF($O$2=1,SUMIFS(INDEX(Plan1_Faixas,0,1),Plan1_Ano,$A14,Plan1_Municipio,$O$3,Plan1_Rede,"Estadual")+SUMIFS(INDEX(Plan1_Faixas,0,2),Plan1_Ano,$A14,Plan1_Municipio,$O$3,Plan1_Rede,"Estadual")+SUMIFS(INDEX(Plan1_Faixas,0,3),Plan1_Ano,$A14,Plan1_Municipio,$O$3,Plan1_Rede,"Estadual")+SUMIFS(INDEX(Plan1_Faixas,0,4),Plan1_Ano,$A14,Plan1_Municipio,$O$3,Plan1_Rede,"Estadual")+SUMIFS(INDEX(Plan1_Faixas,0,5),Plan1_Ano,$A14,Plan1_Municipio,$O$3,Plan1_Rede,"Estadual"),SUMIFS(INDEX(Plan1_Faixas,0,$O$2-1),Plan1_Ano,$A14,Plan1_Municipio,$O$3,Plan1_Rede,"Estadual")) -> 788833 | G14: =IF($L14=0,0,F14/$L14) -> 0.34418419 | H14: =IF($O$2=1,SUMIFS(INDEX(Plan1_Faixas,0,1),Plan1_Ano,$A14,Plan1_Municipio,$O$3,Plan1_Rede,"Municipal")+SUMIFS(INDEX(Plan1_Faixas,0,2),Plan1_Ano,$A14,Plan1_Municipio,$O$3,Plan1_Rede,"Municipal")+SUMIFS(INDEX(Plan1_Faixas,0,3),Plan1_Ano,$A14,Plan1_Municipio,$O$3,Plan1_Rede,"Municipal")+SUMIFS(INDEX(Plan1_Faixas,0,4),Plan1_Ano,$A14,Plan1_Municipio,$O$3,Plan1_Rede,"Municipal")+SUMIFS(INDEX(Plan1_Faixas,0,5),Plan1_Ano,$A14,Plan1_Municipio,$O$3,Plan1_Rede,"Municipal"),SUMIFS(INDEX(Plan1_Faixas,0,$O$2-1),Plan1_Ano,$A14,Plan1_Municipio,$O$3,Plan1_Rede,"Municipal")) -> 1089858 | I14: =IF($L14=0,0,H14/$L14) -> 0.47552764 | J14: =IF($O$2=1,SUMIFS(INDEX(Plan1_Faixas,0,1),Plan1_Ano,$A14,Plan1_Municipio,$O$3,Plan1_Rede,"Privada")+SUMIFS(INDEX(Plan1_Faixas,0,2),Plan1_Ano,$A14,Plan1_Municipio,$O$3,Plan1_Rede,"Privada")+SUMIFS(INDEX(Plan1_Faixas,0,3),Plan1_Ano,$A14,Plan1_Municipio,$O$3,Plan1_Rede,"Privada")+SUMIFS(INDEX(Plan1_Faixas,0,4),Plan1_Ano,$A14,Plan1_Municipio,$O$3,Plan1_Rede,"Privada")+SUMIFS(INDEX(Plan1_Faixas,0,5),Plan1_Ano,$A14,Plan1_Municipio,$O$3,Plan1_Rede,"Privada"),SUMIFS(INDEX(Plan1_Faixas,0,$O$2-1),Plan1_Ano,$A14,Plan1_Municipio,$O$3,Plan1_Rede,"Privada")) -> 404821 | K14: =IF($L14=0,0,J14/$L14) -> 0.1766318 | L14: =B14+J14 -> 2291892
A15: MÉDIA | B15: =AVERAGE(B5:B14) -> 1906286.4 | C15: =IF($L15=0,0,B15/$L15) -> 0.83240549 | D15: =AVERAGE(D5:D14) -> 7642 | E15: =IF($L15=0,0,D15/$L15) -> 0.0033369817 | F15: =AVERAGE(F5:F14) -> 842994.1 | G15: =IF($L15=0,0,F15/$L15) -> 0.36810466 | H15: =AVERAGE(H5:H14) -> 1055650.3 | I15: =IF($L15=0,0,H15/$L15) -> 0.46096384 | J15: =AVERAGE(J5:J14) -> 383807.1 | K15: =IF($L15=0,0,J15/$L15) -> 0.16759451 | L15: =AVERAGE(L5:L14) -> 2290093.5
A16: Rede do gráfico: | B16: Total | F16: ="Variação anual da rede "&LOWER($B$16)&" — "&$B$1&" — "&$B$2 -> Variação anual da rede total — Todos os municípios — Todas as faixas (0 a 17 anos)
A39: Variação anual das matrículas (%) em relação ao ano anterior
A40: Ano | B40: PÚBLICO | C40: FEDERAL | D40: ESTADUAL | E40: MUNICIPAL | F40: PRIVADO | G40: TOTAL
A41: 2016 | B41: — | C41: — | D41: — | E41: — | F41: — | G41: —
A42: 2017 | B42: =IF(B5=0,"—",B6/B5-1) -> 0.0014996396 | C42: =IF(D5=0,"—",D6/D5-1) -> 0.13949275 | D42: =IF(F5=0,"—",F6/F5-1) -> -0.011720932 | E42: =IF(H5=0,"—",H6/H5-1) -> 0.012116723 | F42: =IF(J5=0,"—",J6/J5-1) -> -0.019125158 | G42: =IF(L5=0,"—",L6/L5-1) -> -0.0019891332
A43: 2018 | B43: =IF(B6=0,"—",B7/B6-1) -> -0.0014807389 | C43: =IF(D6=0,"—",D7/D6-1) -> 0.11473238 | D43: =IF(F6=0,"—",F7/F6-1) -> -0.017323701 | E43: =IF(H6=0,"—",H7/H6-1) -> 0.0111412 | F43: =IF(J6=0,"—",J7/J6-1) -> -0.00080132597 | G43: =IF(L6=0,"—",L7/L6-1) -> -0.0013677866
A44: 2019 | B44: =IF(B7=0,"—",B8/B7-1) -> -0.0064587153 | C44: =IF(D7=0,"—",D8/D7-1) -> -0.00011884954 | D44: =IF(F7=0,"—",F8/F7-1) -> -0.014883198 | E44: =IF(H7=0,"—",H8/H7-1) -> 0.00045129331 | F44: =IF(J7=0,"—",J8/J7-1) -> 0.013440158 | G44: =IF(L7=0,"—",L8/L7-1) -> -0.0031486537
A45: 2020 | B45: =IF(B8=0,"—",B9/B8-1) -> 0.008799634 | C45: =IF(D8=0,"—",D9/D8-1) -> -0.030310234 | D45: =IF(F8=0,"—",F9/F8-1) -> 0.015245485 | E45: =IF(H8=0,"—",H9/H8-1) -> 0.0038696236 | F45: =IF(J8=0,"—",J9/J8-1) -> -0.028748328 | G45: =IF(L8=0,"—",L9/L8-1) -> 0.0024498105
A46: 2021 | B46: =IF(B9=0,"—",B10/B9-1) -> -0.050499382 | C46: =IF(D9=0,"—",D10/D9-1) -> -0.17908801 | D46: =IF(F9=0,"—",F10/F9-1) -> -0.096688352 | E46: =IF(H9=0,"—",H10/H9-1) -> -0.011494625 | F46: =IF(J9=0,"—",J10/J9-1) -> -0.091265924 | G46: =IF(L9=0,"—",L10/L9-1) -> -0.057178949
A47: 2022 | B47: =IF(B10=0,"—",B11/B10-1) -> 0.052613937 | C47: =IF(D10=0,"—",D11/D10-1) -> 0.056293863 | D47: =IF(F10=0,"—",F11/F10-1) -> 0.09822682 | E47: =IF(H10=0,"—",H11/H10-1) -> 0.018292836 | F47: =IF(J10=0,"—",J11/J10-1) -> 0.098221144 | G47: =IF(L10=0,"—",L11/L10-1) -> 0.059816473
A48: 2023 | B48: =IF(B11=0,"—",B12/B11-1) -> -0.0070344338 | C48: =IF(D11=0,"—",D12/D11-1) -> 0.01964942 | D48: =IF(F11=0,"—",F12/F11-1) -> -0.04252339 | E48: =IF(H11=0,"—",H12/H11-1) -> 0.02156671 | F48: =IF(J11=0,"—",J12/J11-1) -> 0.039444957 | G48: =IF(L11=0,"—",L12/L11-1) -> 0.00057183267
A49: 2024 | B49: =IF(B12=0,"—",B13/B12-1) -> 0.01273114 | C49: =IF(D12=0,"—",D13/D12-1) -> 0.095106059 | D49: =IF(F12=0,"—",F13/F12-1) -> 0.014432874 | E49: =IF(H12=0,"—",H13/H12-1) -> 0.010887609 | F49: =IF(J12=0,"—",J13/J12-1) -> 0.03014511 | G49: =IF(L12=0,"—",L13/L12-1) -> 0.01569162
A50: 2025 | B50: =IF(B13=0,"—",B14/B13-1) -> -0.023562461 | C50: =IF(D13=0,"—",D14/D13-1) -> 0.060893784 | D50: =IF(F13=0,"—",F14/F13-1) -> -0.05281921 | E50: =IF(H13=0,"—",H14/H13-1) -> -0.0018582509 | F50: =IF(J13=0,"—",J14/J13-1) -> 0.0053693075 | G50: =IF(L13=0,"—",L14/L13-1) -> -0.018573893
A51: "—" = sem ano anterior ou rede sem matrículas no ano anterior.
A53: Dados do gráfico (rede selecionada em B16)
A54: Ano | B54: Matrículas | C54: Variação anual | D54: Crescimento | E54: Queda
A55: 2016 | B55: =CHOOSE($O$4,B5,D5,F5,H5,J5,L5) -> 2309046 | C55: — | D55: 0 | E55: 0
A56: 2017 | B56: =CHOOSE($O$4,B6,D6,F6,H6,J6,L6) -> 2304453 | C56: =IF(B55=0,0,B56/B55-1) -> -0.0019891332 | D56: =IF(C56>0,C56,0) -> 0 | E56: =IF(C56<0,C56,0) -> -0.0019891332
A57: 2018 | B57: =CHOOSE($O$4,B7,D7,F7,H7,J7,L7) -> 2301301 | C57: =IF(B56=0,0,B57/B56-1) -> -0.0013677866 | D57: =IF(C57>0,C57,0) -> 0 | E57: =IF(C57<0,C57,0) -> -0.0013677866
A58: 2019 | B58: =CHOOSE($O$4,B8,D8,F8,H8,J8,L8) -> 2294055 | C58: =IF(B57=0,0,B58/B57-1) -> -0.0031486537 | D58: =IF(C58>0,C58,0) -> 0 | E58: =IF(C58<0,C58,0) -> -0.0031486537
A59: 2020 | B59: =CHOOSE($O$4,B9,D9,F9,H9,J9,L9) -> 2299675 | C59: =IF(B58=0,0,B59/B58-1) -> 0.0024498105 | D59: =IF(C59>0,C59,0) -> 0.0024498105 | E59: =IF(C59<0,C59,0) -> 0
A60: 2021 | B60: =CHOOSE($O$4,B10,D10,F10,H10,J10,L10) -> 2168182 | C60: =IF(B59=0,0,B60/B59-1) -> -0.057178949 | D60: =IF(C60>0,C60,0) -> 0 | E60: =IF(C60<0,C60,0) -> -0.057178949
A61: 2022 | B61: =CHOOSE($O$4,B11,D11,F11,H11,J11,L11) -> 2297875 | C61: =IF(B60=0,0,B61/B60-1) -> 0.059816473 | D61: =IF(C61>0,C61,0) -> 0.059816473 | E61: =IF(C61<0,C61,0) -> 0
A62: 2023 | B62: =CHOOSE($O$4,B12,D12,F12,H12,J12,L12) -> 2299189 | C62: =IF(B61=0,0,B62/B61-1) -> 0.00057183267 | D62: =IF(C62>0,C62,0) -> 0.00057183267 | E62: =IF(C62<0,C62,0) -> 0
A63: 2024 | B63: =CHOOSE($O$4,B13,D13,F13,H13,J13,L13) -> 2335267 | C63: =IF(B62=0,0,B63/B62-1) -> 0.01569162 | D63: =IF(C63>0,C63,0) -> 0.01569162 | E63: =IF(C63<0,C63,0) -> 0
A64: 2025 | B64: =CHOOSE($O$4,B14,D14,F14,H14,J14,L14) -> 2291892 | C64: =IF(B63=0,0,B64/B63-1) -> -0.018573893 | D64: =IF(C64>0,C64,0) -> 0 | E64: =IF(C64<0,C64,0) -> -0.018573893
A65: Se a rede não tinha matrículas no ano anterior, a variação aparece como 0%. O gráfico começa em 2017 (2016 não tem ano anterior).

Sheet Consulta Etapa de Ensino
A1: Município: | B1: Todos os municípios | F1: ← escolha o município e a seleção nas listas. MÉDIA = 2016 a 2025. | N1: Auxiliares (não editar)
A2: Etapa de ensino: | B2: Todas as etapas | F2: Equivalências: Creche ≈ 0-3 · Pré-escola ≈ 4-5 · Anos Iniciais ≈ 6-10 · Anos Finais ≈ 11-14 · Ensino Médio ≈ 15-17 | N2: Índice da seleção | O2: =MATCH($B$2,Listas!$E$2:$E$7,0) -> 1
A3: População: | B3: =IF($B$1="Todos os municípios",SUM(População!$C$2:$C$400),INDEX(População!$C$2:$C$400,MATCH($B$1,População!$B$2:$B$400,0))) -> 11824665 | F3: ← população estimada 2024 | N3: Critério município | O3: =IF($B$1="Todos os municípios","*",$B$1) -> *
B4: PÚBLICO | C4: PUB. PERC | D4: FEDERAL | E4: FED. PERC | F4: ESTADUAL | G4: EST. PERC | H4: MUNICIPAL | I4: MUN. PERC | J4: PRIVADO | K4: PRI. PERC | L4: TOTAL | N4: Índice da rede (gráfico) | O4: =MATCH($B$16,Listas!$G$2:$G$7,0) -> 6
A5: 2016 | B5: =D5+F5+H5 -> 1970361 | C5: =IF($L5=0,0,B5/$L5) -> 0.83879022 | D5: =IF($O$2=1,SUMIFS(INDEX(Plan1_Etapas,0,1),Plan1_Ano,$A5,Plan1_Municipio,$O$3,Plan1_Rede,"Federal")+SUMIFS(INDEX(Plan1_Etapas,0,2),Plan1_Ano,$A5,Plan1_Municipio,$O$3,Plan1_Rede,"Federal")+SUMIFS(INDEX(Plan1_Etapas,0,3),Plan1_Ano,$A5,Plan1_Municipio,$O$3,Plan1_Rede,"Federal")+SUMIFS(INDEX(Plan1_Etapas,0,4),Plan1_Ano,$A5,Plan1_Municipio,$O$3,Plan1_Rede,"Federal")+SUMIFS(INDEX(Plan1_Etapas,0,5),Plan1_Ano,$A5,Plan1_Municipio,$O$3,Plan1_Rede,"Federal"),SUMIFS(INDEX(Plan1_Etapas,0,$O$2-1),Plan1_Ano,$A5,Plan1_Municipio,$O$3,Plan1_Rede,"Federal")) -> 7018 | E5: =IF($L5=0,0,D5/$L5) -> 0.0029875895 | F5: =IF($O$2=1,SUMIFS(INDEX(Plan1_Etapas,0,1),Plan1_Ano,$A5,Plan1_Municipio,$O$3,Plan1_Rede,"Estadual")+SUMIFS(INDEX(Plan1_Etapas,0,2),Plan1_Ano,$A5,Plan1_Municipio,$O$3,Plan1_Rede,"Estadual")+SUMIFS(INDEX(Plan1_Etapas,0,3),Plan1_Ano,$A5,Plan1_Municipio,$O$3,Plan1_Rede,"Estadual")+SUMIFS(INDEX(Plan1_Etapas,0,4),Plan1_Ano,$A5,Plan1_Municipio,$O$3,Plan1_Rede,"Estadual")+SUMIFS(INDEX(Plan1_Etapas,0,5),Plan1_Ano,$A5,Plan1_Municipio,$O$3,Plan1_Rede,"Estadual"),SUMIFS(INDEX(Plan1_Etapas,0,$O$2-1),Plan1_Ano,$A5,Plan1_Municipio,$O$3,Plan1_Rede,"Estadual")) -> 942008 | G5: =IF($L5=0,0,F5/$L5) -> 0.40101641 | H5: =IF($O$2=1,SUMIFS(INDEX(Plan1_Etapas,0,1),Plan1_Ano,$A5,Plan1_Municipio,$O$3,Plan1_Rede,"Municipal")+SUMIFS(INDEX(Plan1_Etapas,0,2),Plan1_Ano,$A5,Plan1_Municipio,$O$3,Plan1_Rede,"Municipal")+SUMIFS(INDEX(Plan1_Etapas,0,3),Plan1_Ano,$A5,Plan1_Municipio,$O$3,Plan1_Rede,"Municipal")+SUMIFS(INDEX(Plan1_Etapas,0,4),Plan1_Ano,$A5,Plan1_Municipio,$O$3,Plan1_Rede,"Municipal")+SUMIFS(INDEX(Plan1_Etapas,0,5),Plan1_Ano,$A5,Plan1_Municipio,$O$3,Plan1_Rede,"Municipal"),SUMIFS(INDEX(Plan1_Etapas,0,$O$2-1),Plan1_Ano,$A5,Plan1_Municipio,$O$3,Plan1_Rede,"Municipal")) -> 1021335 | I5: =IF($L5=0,0,H5/$L5) -> 0.43478622 | J5: =IF($O$2=1,SUMIFS(INDEX(Plan1_Etapas,0,1),Plan1_Ano,$A5,Plan1_Municipio,$O$3,Plan1_Rede,"Privada")+SUMIFS(INDEX(Plan1_Etapas,0,2),Plan1_Ano,$A5,Plan1_Municipio,$O$3,Plan1_Rede,"Privada")+SUMIFS(INDEX(Plan1_Etapas,0,3),Plan1_Ano,$A5,Plan1_Municipio,$O$3,Plan1_Rede,"Privada")+SUMIFS(INDEX(Plan1_Etapas,0,4),Plan1_Ano,$A5,Plan1_Municipio,$O$3,Plan1_Rede,"Privada")+SUMIFS(INDEX(Plan1_Etapas,0,5),Plan1_Ano,$A5,Plan1_Municipio,$O$3,Plan1_Rede,"Privada"),SUMIFS(INDEX(Plan1_Etapas,0,$O$2-1),Plan1_Ano,$A5,Plan1_Municipio,$O$3,Plan1_Rede,"Privada")) -> 378690 | K5: =IF($L5=0,0,J5/$L5) -> 0.16120978 | L5: =B5+J5 -> 2349051
A6: 2017 | B6: =D6+F6+H6 -> 1973276 | C6: =IF($L6=0,0,B6/$L6) -> 0.84085623 | D6: =IF($O$2=1,SUMIFS(INDEX(Plan1_Etapas,0,1),Plan1_Ano,$A6,Plan1_Municipio,$O$3,Plan1_Rede,"Federal")+SUMIFS(INDEX(Plan1_Etapas,0,2),Plan1_Ano,$A6,Plan1_Municipio,$O$3,Plan1_Rede,"Federal")+SUMIFS(INDEX(Plan1_Etapas,0,3),Plan1_Ano,$A6,Plan1_Municipio,$O$3,Plan1_Rede,"Federal")+SUMIFS(INDEX(Plan1_Etapas,0,4),Plan1_Ano,$A6,Plan1_Municipio,$O$3,Plan1_Rede,"Federal")+SUMIFS(INDEX(Plan1_Etapas,0,5),Plan1_Ano,$A6,Plan1_Municipio,$O$3,Plan1_Rede,"Federal"),SUMIFS(INDEX(Plan1_Etapas,0,$O$2-1),Plan1_Ano,$A6,Plan1_Municipio,$O$3,Plan1_Rede,"Federal")) -> 8004 | E6: =IF($L6=0,0,D6/$L6) -> 0.0034106802 | F6: =IF($O$2=1,SUMIFS(INDEX(Plan1_Etapas,0,1),Plan1_Ano,$A6,Plan1_Municipio,$O$3,Plan1_Rede,"Estadual")+SUMIFS(INDEX(Plan1_Etapas,0,2),Plan1_Ano,$A6,Plan1_Municipio,$O$3,Plan1_Rede,"Estadual")+SUMIFS(INDEX(Plan1_Etapas,0,3),Plan1_Ano,$A6,Plan1_Municipio,$O$3,Plan1_Rede,"Estadual")+SUMIFS(INDEX(Plan1_Etapas,0,4),Plan1_Ano,$A6,Plan1_Municipio,$O$3,Plan1_Rede,"Estadual")+SUMIFS(INDEX(Plan1_Etapas,0,5),Plan1_Ano,$A6,Plan1_Municipio,$O$3,Plan1_Rede,"Estadual"),SUMIFS(INDEX(Plan1_Etapas,0,$O$2-1),Plan1_Ano,$A6,Plan1_Municipio,$O$3,Plan1_Rede,"Estadual")) -> 931441 | G6: =IF($L6=0,0,F6/$L6) -> 0.39690746 | H6: =IF($O$2=1,SUMIFS(INDEX(Plan1_Etapas,0,1),Plan1_Ano,$A6,Plan1_Municipio,$O$3,Plan1_Rede,"Municipal")+SUMIFS(INDEX(Plan1_Etapas,0,2),Plan1_Ano,$A6,Plan1_Municipio,$O$3,Plan1_Rede,"Municipal")+SUMIFS(INDEX(Plan1_Etapas,0,3),Plan1_Ano,$A6,Plan1_Municipio,$O$3,Plan1_Rede,"Municipal")+SUMIFS(INDEX(Plan1_Etapas,0,4),Plan1_Ano,$A6,Plan1_Municipio,$O$3,Plan1_Rede,"Municipal")+SUMIFS(INDEX(Plan1_Etapas,0,5),Plan1_Ano,$A6,Plan1_Municipio,$O$3,Plan1_Rede,"Municipal"),SUMIFS(INDEX(Plan1_Etapas,0,$O$2-1),Plan1_Ano,$A6,Plan1_Municipio,$O$3,Plan1_Rede,"Municipal")) -> 1033831 | I6: =IF($L6=0,0,H6/$L6) -> 0.44053809 | J6: =IF($O$2=1,SUMIFS(INDEX(Plan1_Etapas,0,1),Plan1_Ano,$A6,Plan1_Municipio,$O$3,Plan1_Rede,"Privada")+SUMIFS(INDEX(Plan1_Etapas,0,2),Plan1_Ano,$A6,Plan1_Municipio,$O$3,Plan1_Rede,"Privada")+SUMIFS(INDEX(Plan1_Etapas,0,3),Plan1_Ano,$A6,Plan1_Municipio,$O$3,Plan1_Rede,"Privada")+SUMIFS(INDEX(Plan1_Etapas,0,4),Plan1_Ano,$A6,Plan1_Municipio,$O$3,Plan1_Rede,"Privada")+SUMIFS(INDEX(Plan1_Etapas,0,5),Plan1_Ano,$A6,Plan1_Municipio,$O$3,Plan1_Rede,"Privada"),SUMIFS(INDEX(Plan1_Etapas,0,$O$2-1),Plan1_Ano,$A6,Plan1_Municipio,$O$3,Plan1_Rede,"Privada")) -> 373470 | K6: =IF($L6=0,0,J6/$L6) -> 0.15914377 | L6: =B6+J6 -> 2346746
A7: 2018 | B7: =D7+F7+H7 -> 1968757 | C7: =IF($L7=0,0,B7/$L7) -> 0.84035939 | D7: =IF($O$2=1,SUMIFS(INDEX(Plan1_Etapas,0,1),Plan1_Ano,$A7,Plan1_Municipio,$O$3,Plan1_Rede,"Federal")+SUMIFS(INDEX(Plan1_Etapas,0,2),Plan1_Ano,$A7,Plan1_Municipio,$O$3,Plan1_Rede,"Federal")+SUMIFS(INDEX(Plan1_Etapas,0,3),Plan1_Ano,$A7,Plan1_Municipio,$O$3,Plan1_Rede,"Federal")+SUMIFS(INDEX(Plan1_Etapas,0,4),Plan1_Ano,$A7,Plan1_Municipio,$O$3,Plan1_Rede,"Federal")+SUMIFS(INDEX(Plan1_Etapas,0,5),Plan1_Ano,$A7,Plan1_Municipio,$O$3,Plan1_Rede,"Federal"),SUMIFS(INDEX(Plan1_Etapas,0,$O$2-1),Plan1_Ano,$A7,Plan1_Municipio,$O$3,Plan1_Rede,"Federal")) -> 9358 | E7: =IF($L7=0,0,D7/$L7) -> 0.0039944407 | F7: =IF($O$2=1,SUMIFS(INDEX(Plan1_Etapas,0,1),Plan1_Ano,$A7,Plan1_Municipio,$O$3,Plan1_Rede,"Estadual")+SUMIFS(INDEX(Plan1_Etapas,0,2),Plan1_Ano,$A7,Plan1_Municipio,$O$3,Plan1_Rede,"Estadual")+SUMIFS(INDEX(Plan1_Etapas,0,3),Plan1_Ano,$A7,Plan1_Municipio,$O$3,Plan1_Rede,"Estadual")+SUMIFS(INDEX(Plan1_Etapas,0,4),Plan1_Ano,$A7,Plan1_Municipio,$O$3,Plan1_Rede,"Estadual")+SUMIFS(INDEX(Plan1_Etapas,0,5),Plan1_Ano,$A7,Plan1_Municipio,$O$3,Plan1_Rede,"Estadual"),SUMIFS(INDEX(Plan1_Etapas,0,$O$2-1),Plan1_Ano,$A7,Plan1_Municipio,$O$3,Plan1_Rede,"Estadual")) -> 913984 | G7: =IF($L7=0,0,F7/$L7) -> 0.39013196 | H7: =IF($O$2=1,SUMIFS(INDEX(Plan1_Etapas,0,1),Plan1_Ano,$A7,Plan1_Municipio,$O$3,Plan1_Rede,"Municipal")+SUMIFS(INDEX(Plan1_Etapas,0,2),Plan1_Ano,$A7,Plan1_Municipio,$O$3,Plan1_Rede,"Municipal")+SUMIFS(INDEX(Plan1_Etapas,0,3),Plan1_Ano,$A7,Plan1_Municipio,$O$3,Plan1_Rede,"Municipal")+SUMIFS(INDEX(Plan1_Etapas,0,4),Plan1_Ano,$A7,Plan1_Municipio,$O$3,Plan1_Rede,"Municipal")+SUMIFS(INDEX(Plan1_Etapas,0,5),Plan1_Ano,$A7,Plan1_Municipio,$O$3,Plan1_Rede,"Municipal"),SUMIFS(INDEX(Plan1_Etapas,0,$O$2-1),Plan1_Ano,$A7,Plan1_Municipio,$O$3,Plan1_Rede,"Municipal")) -> 1045415 | I7: =IF($L7=0,0,H7/$L7) -> 0.44623298 | J7: =IF($O$2=1,SUMIFS(INDEX(Plan1_Etapas,0,1),Plan1_Ano,$A7,Plan1_Municipio,$O$3,Plan1_Rede,"Privada")+SUMIFS(INDEX(Plan1_Etapas,0,2),Plan1_Ano,$A7,Plan1_Municipio,$O$3,Plan1_Rede,"Privada")+SUMIFS(INDEX(Plan1_Etapas,0,3),Plan1_Ano,$A7,Plan1_Municipio,$O$3,Plan1_Rede,"Privada")+SUMIFS(INDEX(Plan1_Etapas,0,4),Plan1_Ano,$A7,Plan1_Municipio,$O$3,Plan1_Rede,"Privada")+SUMIFS(INDEX(Plan1_Etapas,0,5),Plan1_Ano,$A7,Plan1_Municipio,$O$3,Plan1_Rede,"Privada"),SUMIFS(INDEX(Plan1_Etapas,0,$O$2-1),Plan1_Ano,$A7,Plan1_Municipio,$O$3,Plan1_Rede,"Privada")) -> 373999 | K7: =IF($L7=0,0,J7/$L7) -> 0.15964061 | L7: =B7+J7 -> 2342756
A8: 2019 | B8: =D8+F8+H8 -> 1935951 | C8: =IF($L8=0,0,B8/$L8) -> 0.83610357 | D8: =IF($O$2=1,SUMIFS(INDEX(Plan1_Etapas,0,1),Plan1_Ano,$A8,Plan1_Municipio,$O$3,Plan1_Rede,"Federal")+SUMIFS(INDEX(Plan1_Etapas,0,2),Plan1_Ano,$A8,Plan1_Municipio,$O$3,Plan1_Rede,"Federal")+SUMIFS(INDEX(Plan1_Etapas,0,3),Plan1_Ano,$A8,Plan1_Municipio,$O$3,Plan1_Rede,"Federal")+SUMIFS(INDEX(Plan1_Etapas,0,4),Plan1_Ano,$A8,Plan1_Municipio,$O$3,Plan1_Rede,"Federal")+SUMIFS(INDEX(Plan1_Etapas,0,5),Plan1_Ano,$A8,Plan1_Municipio,$O$3,Plan1_Rede,"Federal"),SUMIFS(INDEX(Plan1_Etapas,0,$O$2-1),Plan1_Ano,$A8,Plan1_Municipio,$O$3,Plan1_Rede,"Federal")) -> 9684 | E8: =IF($L8=0,0,D8/$L8) -> 0.0041823512 | F8: =IF($O$2=1,SUMIFS(INDEX(Plan1_Etapas,0,1),Plan1_Ano,$A8,Plan1_Municipio,$O$3,Plan1_Rede,"Estadual")+SUMIFS(INDEX(Plan1_Etapas,0,2),Plan1_Ano,$A8,Plan1_Municipio,$O$3,Plan1_Rede,"Estadual")+SUMIFS(INDEX(Plan1_Etapas,0,3),Plan1_Ano,$A8,Plan1_Municipio,$O$3,Plan1_Rede,"Estadual")+SUMIFS(INDEX(Plan1_Etapas,0,4),Plan1_Ano,$A8,Plan1_Municipio,$O$3,Plan1_Rede,"Estadual")+SUMIFS(INDEX(Plan1_Etapas,0,5),Plan1_Ano,$A8,Plan1_Municipio,$O$3,Plan1_Rede,"Estadual"),SUMIFS(INDEX(Plan1_Etapas,0,$O$2-1),Plan1_Ano,$A8,Plan1_Municipio,$O$3,Plan1_Rede,"Estadual")) -> 880262 | G8: =IF($L8=0,0,F8/$L8) -> 0.38016985 | H8: =IF($O$2=1,SUMIFS(INDEX(Plan1_Etapas,0,1),Plan1_Ano,$A8,Plan1_Municipio,$O$3,Plan1_Rede,"Municipal")+SUMIFS(INDEX(Plan1_Etapas,0,2),Plan1_Ano,$A8,Plan1_Municipio,$O$3,Plan1_Rede,"Municipal")+SUMIFS(INDEX(Plan1_Etapas,0,3),Plan1_Ano,$A8,Plan1_Municipio,$O$3,Plan1_Rede,"Municipal")+SUMIFS(INDEX(Plan1_Etapas,0,4),Plan1_Ano,$A8,Plan1_Municipio,$O$3,Plan1_Rede,"Municipal")+SUMIFS(INDEX(Plan1_Etapas,0,5),Plan1_Ano,$A8,Plan1_Municipio,$O$3,Plan1_Rede,"Municipal"),SUMIFS(INDEX(Plan1_Etapas,0,$O$2-1),Plan1_Ano,$A8,Plan1_Municipio,$O$3,Plan1_Rede,"Municipal")) -> 1046005 | I8: =IF($L8=0,0,H8/$L8) -> 0.45175137 | J8: =IF($O$2=1,SUMIFS(INDEX(Plan1_Etapas,0,1),Plan1_Ano,$A8,Plan1_Municipio,$O$3,Plan1_Rede,"Privada")+SUMIFS(INDEX(Plan1_Etapas,0,2),Plan1_Ano,$A8,Plan1_Municipio,$O$3,Plan1_Rede,"Privada")+SUMIFS(INDEX(Plan1_Etapas,0,3),Plan1_Ano,$A8,Plan1_Municipio,$O$3,Plan1_Rede,"Privada")+SUMIFS(INDEX(Plan1_Etapas,0,4),Plan1_Ano,$A8,Plan1_Municipio,$O$3,Plan1_Rede,"Privada")+SUMIFS(INDEX(Plan1_Etapas,0,5),Plan1_Ano,$A8,Plan1_Municipio,$O$3,Plan1_Rede,"Privada"),SUMIFS(INDEX(Plan1_Etapas,0,$O$2-1),Plan1_Ano,$A8,Plan1_Municipio,$O$3,Plan1_Rede,"Privada")) -> 379493 | K8: =IF($L8=0,0,J8/$L8) -> 0.16389643 | L8: =B8+J8 -> 2315444
A9: 2020 | B9: =D9+F9+H9 -> 1965359 | C9: =IF($L9=0,0,B9/$L9) -> 0.84214886 | D9: =IF($O$2=1,SUMIFS(INDEX(Plan1_Etapas,0,1),Plan1_Ano,$A9,Plan1_Municipio,$O$3,Plan1_Rede,"Federal")+SUMIFS(INDEX(Plan1_Etapas,0,2),Plan1_Ano,$A9,Plan1_Municipio,$O$3,Plan1_Rede,"Federal")+SUMIFS(INDEX(Plan1_Etapas,0,3),Plan1_Ano,$A9,Plan1_Municipio,$O$3,Plan1_Rede,"Federal")+SUMIFS(INDEX(Plan1_Etapas,0,4),Plan1_Ano,$A9,Plan1_Municipio,$O$3,Plan1_Rede,"Federal")+SUMIFS(INDEX(Plan1_Etapas,0,5),Plan1_Ano,$A9,Plan1_Municipio,$O$3,Plan1_Rede,"Federal"),SUMIFS(INDEX(Plan1_Etapas,0,$O$2-1),Plan1_Ano,$A9,Plan1_Municipio,$O$3,Plan1_Rede,"Federal")) -> 9820 | E9: =IF($L9=0,0,D9/$L9) -> 0.0042078327 | F9: =IF($O$2=1,SUMIFS(INDEX(Plan1_Etapas,0,1),Plan1_Ano,$A9,Plan1_Municipio,$O$3,Plan1_Rede,"Estadual")+SUMIFS(INDEX(Plan1_Etapas,0,2),Plan1_Ano,$A9,Plan1_Municipio,$O$3,Plan1_Rede,"Estadual")+SUMIFS(INDEX(Plan1_Etapas,0,3),Plan1_Ano,$A9,Plan1_Municipio,$O$3,Plan1_Rede,"Estadual")+SUMIFS(INDEX(Plan1_Etapas,0,4),Plan1_Ano,$A9,Plan1_Municipio,$O$3,Plan1_Rede,"Estadual")+SUMIFS(INDEX(Plan1_Etapas,0,5),Plan1_Ano,$A9,Plan1_Municipio,$O$3,Plan1_Rede,"Estadual"),SUMIFS(INDEX(Plan1_Etapas,0,$O$2-1),Plan1_Ano,$A9,Plan1_Municipio,$O$3,Plan1_Rede,"Estadual")) -> 905323 | G9: =IF($L9=0,0,F9/$L9) -> 0.38792746 | H9: =IF($O$2=1,SUMIFS(INDEX(Plan1_Etapas,0,1),Plan1_Ano,$A9,Plan1_Municipio,$O$3,Plan1_Rede,"Municipal")+SUMIFS(INDEX(Plan1_Etapas,0,2),Plan1_Ano,$A9,Plan1_Municipio,$O$3,Plan1_Rede,"Municipal")+SUMIFS(INDEX(Plan1_Etapas,0,3),Plan1_Ano,$A9,Plan1_Municipio,$O$3,Plan1_Rede,"Municipal")+SUMIFS(INDEX(Plan1_Etapas,0,4),Plan1_Ano,$A9,Plan1_Municipio,$O$3,Plan1_Rede,"Municipal")+SUMIFS(INDEX(Plan1_Etapas,0,5),Plan1_Ano,$A9,Plan1_Municipio,$O$3,Plan1_Rede,"Municipal"),SUMIFS(INDEX(Plan1_Etapas,0,$O$2-1),Plan1_Ano,$A9,Plan1_Municipio,$O$3,Plan1_Rede,"Municipal")) -> 1050216 | I9: =IF($L9=0,0,H9/$L9) -> 0.45001356 | J9: =IF($O$2=1,SUMIFS(INDEX(Plan1_Etapas,0,1),Plan1_Ano,$A9,Plan1_Municipio,$O$3,Plan1_Rede,"Privada")+SUMIFS(INDEX(Plan1_Etapas,0,2),Plan1_Ano,$A9,Plan1_Municipio,$O$3,Plan1_Rede,"Privada")+SUMIFS(INDEX(Plan1_Etapas,0,3),Plan1_Ano,$A9,Plan1_Municipio,$O$3,Plan1_Rede,"Privada")+SUMIFS(INDEX(Plan1_Etapas,0,4),Plan1_Ano,$A9,Plan1_Municipio,$O$3,Plan1_Rede,"Privada")+SUMIFS(INDEX(Plan1_Etapas,0,5),Plan1_Ano,$A9,Plan1_Municipio,$O$3,Plan1_Rede,"Privada"),SUMIFS(INDEX(Plan1_Etapas,0,$O$2-1),Plan1_Ano,$A9,Plan1_Municipio,$O$3,Plan1_Rede,"Privada")) -> 368384 | K9: =IF($L9=0,0,J9/$L9) -> 0.15785114 | L9: =B9+J9 -> 2333743
A10: 2021 | B10: =D10+F10+H10 -> 1865092 | C10: =IF($L10=0,0,B10/$L10) -> 0.84715567 | D10: =IF($O$2=1,SUMIFS(INDEX(Plan1_Etapas,0,1),Plan1_Ano,$A10,Plan1_Municipio,$O$3,Plan1_Rede,"Federal")+SUMIFS(INDEX(Plan1_Etapas,0,2),Plan1_Ano,$A10,Plan1_Municipio,$O$3,Plan1_Rede,"Federal")+SUMIFS(INDEX(Plan1_Etapas,0,3),Plan1_Ano,$A10,Plan1_Municipio,$O$3,Plan1_Rede,"Federal")+SUMIFS(INDEX(Plan1_Etapas,0,4),Plan1_Ano,$A10,Plan1_Municipio,$O$3,Plan1_Rede,"Federal")+SUMIFS(INDEX(Plan1_Etapas,0,5),Plan1_Ano,$A10,Plan1_Municipio,$O$3,Plan1_Rede,"Federal"),SUMIFS(INDEX(Plan1_Etapas,0,$O$2-1),Plan1_Ano,$A10,Plan1_Municipio,$O$3,Plan1_Rede,"Federal")) -> 8949 | E10: =IF($L10=0,0,D10/$L10) -> 0.004064784 | F10: =IF($O$2=1,SUMIFS(INDEX(Plan1_Etapas,0,1),Plan1_Ano,$A10,Plan1_Municipio,$O$3,Plan1_Rede,"Estadual")+SUMIFS(INDEX(Plan1_Etapas,0,2),Plan1_Ano,$A10,Plan1_Municipio,$O$3,Plan1_Rede,"Estadual")+SUMIFS(INDEX(Plan1_Etapas,0,3),Plan1_Ano,$A10,Plan1_Municipio,$O$3,Plan1_Rede,"Estadual")+SUMIFS(INDEX(Plan1_Etapas,0,4),Plan1_Ano,$A10,Plan1_Municipio,$O$3,Plan1_Rede,"Estadual")+SUMIFS(INDEX(Plan1_Etapas,0,5),Plan1_Ano,$A10,Plan1_Municipio,$O$3,Plan1_Rede,"Estadual"),SUMIFS(INDEX(Plan1_Etapas,0,$O$2-1),Plan1_Ano,$A10,Plan1_Municipio,$O$3,Plan1_Rede,"Estadual")) -> 817876 | G10: =IF($L10=0,0,F10/$L10) -> 0.37149282 | H10: =IF($O$2=1,SUMIFS(INDEX(Plan1_Etapas,0,1),Plan1_Ano,$A10,Plan1_Municipio,$O$3,Plan1_Rede,"Municipal")+SUMIFS(INDEX(Plan1_Etapas,0,2),Plan1_Ano,$A10,Plan1_Municipio,$O$3,Plan1_Rede,"Municipal")+SUMIFS(INDEX(Plan1_Etapas,0,3),Plan1_Ano,$A10,Plan1_Municipio,$O$3,Plan1_Rede,"Municipal")+SUMIFS(INDEX(Plan1_Etapas,0,4),Plan1_Ano,$A10,Plan1_Municipio,$O$3,Plan1_Rede,"Municipal")+SUMIFS(INDEX(Plan1_Etapas,0,5),Plan1_Ano,$A10,Plan1_Municipio,$O$3,Plan1_Rede,"Municipal"),SUMIFS(INDEX(Plan1_Etapas,0,$O$2-1),Plan1_Ano,$A10,Plan1_Municipio,$O$3,Plan1_Rede,"Municipal")) -> 1038267 | I10: =IF($L10=0,0,H10/$L10) -> 0.47159807 | J10: =IF($O$2=1,SUMIFS(INDEX(Plan1_Etapas,0,1),Plan1_Ano,$A10,Plan1_Municipio,$O$3,Plan1_Rede,"Privada")+SUMIFS(INDEX(Plan1_Etapas,0,2),Plan1_Ano,$A10,Plan1_Municipio,$O$3,Plan1_Rede,"Privada")+SUMIFS(INDEX(Plan1_Etapas,0,3),Plan1_Ano,$A10,Plan1_Municipio,$O$3,Plan1_Rede,"Privada")+SUMIFS(INDEX(Plan1_Etapas,0,4),Plan1_Ano,$A10,Plan1_Municipio,$O$3,Plan1_Rede,"Privada")+SUMIFS(INDEX(Plan1_Etapas,0,5),Plan1_Ano,$A10,Plan1_Municipio,$O$3,Plan1_Rede,"Privada"),SUMIFS(INDEX(Plan1_Etapas,0,$O$2-1),Plan1_Ano,$A10,Plan1_Municipio,$O$3,Plan1_Rede,"Privada")) -> 336501 | K10: =IF($L10=0,0,J10/$L10) -> 0.15284433 | L10: =B10+J10 -> 2201593
A11: 2022 | B11: =D11+F11+H11 -> 1961173 | C11: =IF($L11=0,0,B11/$L11) -> 0.84208861 | D11: =IF($O$2=1,SUMIFS(INDEX(Plan1_Etapas,0,1),Plan1_Ano,$A11,Plan1_Municipio,$O$3,Plan1_Rede,"Federal")+SUMIFS(INDEX(Plan1_Etapas,0,2),Plan1_Ano,$A11,Plan1_Municipio,$O$3,Plan1_Rede,"Federal")+SUMIFS(INDEX(Plan1_Etapas,0,3),Plan1_Ano,$A11,Plan1_Municipio,$O$3,Plan1_Rede,"Federal")+SUMIFS(INDEX(Plan1_Etapas,0,4),Plan1_Ano,$A11,Plan1_Municipio,$O$3,Plan1_Rede,"Federal")+SUMIFS(INDEX(Plan1_Etapas,0,5),Plan1_Ano,$A11,Plan1_Municipio,$O$3,Plan1_Rede,"Federal"),SUMIFS(INDEX(Plan1_Etapas,0,$O$2-1),Plan1_Ano,$A11,Plan1_Municipio,$O$3,Plan1_Rede,"Federal")) -> 8672 | E11: =IF($L11=0,0,D11/$L11) -> 0.003723584 | F11: =IF($O$2=1,SUMIFS(INDEX(Plan1_Etapas,0,1),Plan1_Ano,$A11,Plan1_Municipio,$O$3,Plan1_Rede,"Estadual")+SUMIFS(INDEX(Plan1_Etapas,0,2),Plan1_Ano,$A11,Plan1_Municipio,$O$3,Plan1_Rede,"Estadual")+SUMIFS(INDEX(Plan1_Etapas,0,3),Plan1_Ano,$A11,Plan1_Municipio,$O$3,Plan1_Rede,"Estadual")+SUMIFS(INDEX(Plan1_Etapas,0,4),Plan1_Ano,$A11,Plan1_Municipio,$O$3,Plan1_Rede,"Estadual")+SUMIFS(INDEX(Plan1_Etapas,0,5),Plan1_Ano,$A11,Plan1_Municipio,$O$3,Plan1_Rede,"Estadual"),SUMIFS(INDEX(Plan1_Etapas,0,$O$2-1),Plan1_Ano,$A11,Plan1_Municipio,$O$3,Plan1_Rede,"Estadual")) -> 895374 | G11: =IF($L11=0,0,F11/$L11) -> 0.38445575 | H11: =IF($O$2=1,SUMIFS(INDEX(Plan1_Etapas,0,1),Plan1_Ano,$A11,Plan1_Municipio,$O$3,Plan1_Rede,"Municipal")+SUMIFS(INDEX(Plan1_Etapas,0,2),Plan1_Ano,$A11,Plan1_Municipio,$O$3,Plan1_Rede,"Municipal")+SUMIFS(INDEX(Plan1_Etapas,0,3),Plan1_Ano,$A11,Plan1_Municipio,$O$3,Plan1_Rede,"Municipal")+SUMIFS(INDEX(Plan1_Etapas,0,4),Plan1_Ano,$A11,Plan1_Municipio,$O$3,Plan1_Rede,"Municipal")+SUMIFS(INDEX(Plan1_Etapas,0,5),Plan1_Ano,$A11,Plan1_Municipio,$O$3,Plan1_Rede,"Municipal"),SUMIFS(INDEX(Plan1_Etapas,0,$O$2-1),Plan1_Ano,$A11,Plan1_Municipio,$O$3,Plan1_Rede,"Municipal")) -> 1057127 | I11: =IF($L11=0,0,H11/$L11) -> 0.45390927 | J11: =IF($O$2=1,SUMIFS(INDEX(Plan1_Etapas,0,1),Plan1_Ano,$A11,Plan1_Municipio,$O$3,Plan1_Rede,"Privada")+SUMIFS(INDEX(Plan1_Etapas,0,2),Plan1_Ano,$A11,Plan1_Municipio,$O$3,Plan1_Rede,"Privada")+SUMIFS(INDEX(Plan1_Etapas,0,3),Plan1_Ano,$A11,Plan1_Municipio,$O$3,Plan1_Rede,"Privada")+SUMIFS(INDEX(Plan1_Etapas,0,4),Plan1_Ano,$A11,Plan1_Municipio,$O$3,Plan1_Rede,"Privada")+SUMIFS(INDEX(Plan1_Etapas,0,5),Plan1_Ano,$A11,Plan1_Municipio,$O$3,Plan1_Rede,"Privada"),SUMIFS(INDEX(Plan1_Etapas,0,$O$2-1),Plan1_Ano,$A11,Plan1_Municipio,$O$3,Plan1_Rede,"Privada")) -> 367766 | K11: =IF($L11=0,0,J11/$L11) -> 0.15791139 | L11: =B11+J11 -> 2328939
A12: 2023 | B12: =D12+F12+H12 -> 1937448 | C12: =IF($L12=0,0,B12/$L12) -> 0.83566088 | D12: =IF($O$2=1,SUMIFS(INDEX(Plan1_Etapas,0,1),Plan1_Ano,$A12,Plan1_Municipio,$O$3,Plan1_Rede,"Federal")+SUMIFS(INDEX(Plan1_Etapas,0,2),Plan1_Ano,$A12,Plan1_Municipio,$O$3,Plan1_Rede,"Federal")+SUMIFS(INDEX(Plan1_Etapas,0,3),Plan1_Ano,$A12,Plan1_Municipio,$O$3,Plan1_Rede,"Federal")+SUMIFS(INDEX(Plan1_Etapas,0,4),Plan1_Ano,$A12,Plan1_Municipio,$O$3,Plan1_Rede,"Federal")+SUMIFS(INDEX(Plan1_Etapas,0,5),Plan1_Ano,$A12,Plan1_Municipio,$O$3,Plan1_Rede,"Federal"),SUMIFS(INDEX(Plan1_Etapas,0,$O$2-1),Plan1_Ano,$A12,Plan1_Municipio,$O$3,Plan1_Rede,"Federal")) -> 8490 | E12: =IF($L12=0,0,D12/$L12) -> 0.0036619104 | F12: =IF($O$2=1,SUMIFS(INDEX(Plan1_Etapas,0,1),Plan1_Ano,$A12,Plan1_Municipio,$O$3,Plan1_Rede,"Estadual")+SUMIFS(INDEX(Plan1_Etapas,0,2),Plan1_Ano,$A12,Plan1_Municipio,$O$3,Plan1_Rede,"Estadual")+SUMIFS(INDEX(Plan1_Etapas,0,3),Plan1_Ano,$A12,Plan1_Municipio,$O$3,Plan1_Rede,"Estadual")+SUMIFS(INDEX(Plan1_Etapas,0,4),Plan1_Ano,$A12,Plan1_Municipio,$O$3,Plan1_Rede,"Estadual")+SUMIFS(INDEX(Plan1_Etapas,0,5),Plan1_Ano,$A12,Plan1_Municipio,$O$3,Plan1_Rede,"Estadual"),SUMIFS(INDEX(Plan1_Etapas,0,$O$2-1),Plan1_Ano,$A12,Plan1_Municipio,$O$3,Plan1_Rede,"Estadual")) -> 849102 | G12: =IF($L12=0,0,F12/$L12) -> 0.36623503 | H12: =IF($O$2=1,SUMIFS(INDEX(Plan1_Etapas,0,1),Plan1_Ano,$A12,Plan1_Municipio,$O$3,Plan1_Rede,"Municipal")+SUMIFS(INDEX(Plan1_Etapas,0,2),Plan1_Ano,$A12,Plan1_Municipio,$O$3,Plan1_Rede,"Municipal")+SUMIFS(INDEX(Plan1_Etapas,0,3),Plan1_Ano,$A12,Plan1_Municipio,$O$3,Plan1_Rede,"Municipal")+SUMIFS(INDEX(Plan1_Etapas,0,4),Plan1_Ano,$A12,Plan1_Municipio,$O$3,Plan1_Rede,"Municipal")+SUMIFS(INDEX(Plan1_Etapas,0,5),Plan1_Ano,$A12,Plan1_Municipio,$O$3,Plan1_Rede,"Municipal"),SUMIFS(INDEX(Plan1_Etapas,0,$O$2-1),Plan1_Ano,$A12,Plan1_Municipio,$O$3,Plan1_Rede,"Municipal")) -> 1079856 | I12: =IF($L12=0,0,H12/$L12) -> 0.46576394 | J12: =IF($O$2=1,SUMIFS(INDEX(Plan1_Etapas,0,1),Plan1_Ano,$A12,Plan1_Municipio,$O$3,Plan1_Rede,"Privada")+SUMIFS(INDEX(Plan1_Etapas,0,2),Plan1_Ano,$A12,Plan1_Municipio,$O$3,Plan1_Rede,"Privada")+SUMIFS(INDEX(Plan1_Etapas,0,3),Plan1_Ano,$A12,Plan1_Municipio,$O$3,Plan1_Rede,"Privada")+SUMIFS(INDEX(Plan1_Etapas,0,4),Plan1_Ano,$A12,Plan1_Municipio,$O$3,Plan1_Rede,"Privada")+SUMIFS(INDEX(Plan1_Etapas,0,5),Plan1_Ano,$A12,Plan1_Municipio,$O$3,Plan1_Rede,"Privada"),SUMIFS(INDEX(Plan1_Etapas,0,$O$2-1),Plan1_Ano,$A12,Plan1_Municipio,$O$3,Plan1_Rede,"Privada")) -> 381014 | K12: =IF($L12=0,0,J12/$L12) -> 0.16433912 | L12: =B12+J12 -> 2318462
A13: 2024 | B13: =D13+F13+H13 -> 1959421 | C13: =IF($L13=0,0,B13/$L13) -> 0.83319379 | D13: =IF($O$2=1,SUMIFS(INDEX(Plan1_Etapas,0,1),Plan1_Ano,$A13,Plan1_Municipio,$O$3,Plan1_Rede,"Federal")+SUMIFS(INDEX(Plan1_Etapas,0,2),Plan1_Ano,$A13,Plan1_Municipio,$O$3,Plan1_Rede,"Federal")+SUMIFS(INDEX(Plan1_Etapas,0,3),Plan1_Ano,$A13,Plan1_Municipio,$O$3,Plan1_Rede,"Federal")+SUMIFS(INDEX(Plan1_Etapas,0,4),Plan1_Ano,$A13,Plan1_Municipio,$O$3,Plan1_Rede,"Federal")+SUMIFS(INDEX(Plan1_Etapas,0,5),Plan1_Ano,$A13,Plan1_Municipio,$O$3,Plan1_Rede,"Federal"),SUMIFS(INDEX(Plan1_Etapas,0,$O$2-1),Plan1_Ano,$A13,Plan1_Municipio,$O$3,Plan1_Rede,"Federal")) -> 9224 | E13: =IF($L13=0,0,D13/$L13) -> 0.0039222707 | F13: =IF($O$2=1,SUMIFS(INDEX(Plan1_Etapas,0,1),Plan1_Ano,$A13,Plan1_Municipio,$O$3,Plan1_Rede,"Estadual")+SUMIFS(INDEX(Plan1_Etapas,0,2),Plan1_Ano,$A13,Plan1_Municipio,$O$3,Plan1_Rede,"Estadual")+SUMIFS(INDEX(Plan1_Etapas,0,3),Plan1_Ano,$A13,Plan1_Municipio,$O$3,Plan1_Rede,"Estadual")+SUMIFS(INDEX(Plan1_Etapas,0,4),Plan1_Ano,$A13,Plan1_Municipio,$O$3,Plan1_Rede,"Estadual")+SUMIFS(INDEX(Plan1_Etapas,0,5),Plan1_Ano,$A13,Plan1_Municipio,$O$3,Plan1_Rede,"Estadual"),SUMIFS(INDEX(Plan1_Etapas,0,$O$2-1),Plan1_Ano,$A13,Plan1_Municipio,$O$3,Plan1_Rede,"Estadual")) -> 858520 | G13: =IF($L13=0,0,F13/$L13) -> 0.36506373 | H13: =IF($O$2=1,SUMIFS(INDEX(Plan1_Etapas,0,1),Plan1_Ano,$A13,Plan1_Municipio,$O$3,Plan1_Rede,"Municipal")+SUMIFS(INDEX(Plan1_Etapas,0,2),Plan1_Ano,$A13,Plan1_Municipio,$O$3,Plan1_Rede,"Municipal")+SUMIFS(INDEX(Plan1_Etapas,0,3),Plan1_Ano,$A13,Plan1_Municipio,$O$3,Plan1_Rede,"Municipal")+SUMIFS(INDEX(Plan1_Etapas,0,4),Plan1_Ano,$A13,Plan1_Municipio,$O$3,Plan1_Rede,"Municipal")+SUMIFS(INDEX(Plan1_Etapas,0,5),Plan1_Ano,$A13,Plan1_Municipio,$O$3,Plan1_Rede,"Municipal"),SUMIFS(INDEX(Plan1_Etapas,0,$O$2-1),Plan1_Ano,$A13,Plan1_Municipio,$O$3,Plan1_Rede,"Municipal")) -> 1091677 | I13: =IF($L13=0,0,H13/$L13) -> 0.46420779 | J13: =IF($O$2=1,SUMIFS(INDEX(Plan1_Etapas,0,1),Plan1_Ano,$A13,Plan1_Municipio,$O$3,Plan1_Rede,"Privada")+SUMIFS(INDEX(Plan1_Etapas,0,2),Plan1_Ano,$A13,Plan1_Municipio,$O$3,Plan1_Rede,"Privada")+SUMIFS(INDEX(Plan1_Etapas,0,3),Plan1_Ano,$A13,Plan1_Municipio,$O$3,Plan1_Rede,"Privada")+SUMIFS(INDEX(Plan1_Etapas,0,4),Plan1_Ano,$A13,Plan1_Municipio,$O$3,Plan1_Rede,"Privada")+SUMIFS(INDEX(Plan1_Etapas,0,5),Plan1_Ano,$A13,Plan1_Municipio,$O$3,Plan1_Rede,"Privada"),SUMIFS(INDEX(Plan1_Etapas,0,$O$2-1),Plan1_Ano,$A13,Plan1_Municipio,$O$3,Plan1_Rede,"Privada")) -> 392278 | K13: =IF($L13=0,0,J13/$L13) -> 0.16680621 | L13: =B13+J13 -> 2351699
A14: 2025 | B14: =D14+F14+H14 -> 1899668 | C14: =IF($L14=0,0,B14/$L14) -> 0.82825488 | D14: =IF($O$2=1,SUMIFS(INDEX(Plan1_Etapas,0,1),Plan1_Ano,$A14,Plan1_Municipio,$O$3,Plan1_Rede,"Federal")+SUMIFS(INDEX(Plan1_Etapas,0,2),Plan1_Ano,$A14,Plan1_Municipio,$O$3,Plan1_Rede,"Federal")+SUMIFS(INDEX(Plan1_Etapas,0,3),Plan1_Ano,$A14,Plan1_Municipio,$O$3,Plan1_Rede,"Federal")+SUMIFS(INDEX(Plan1_Etapas,0,4),Plan1_Ano,$A14,Plan1_Municipio,$O$3,Plan1_Rede,"Federal")+SUMIFS(INDEX(Plan1_Etapas,0,5),Plan1_Ano,$A14,Plan1_Municipio,$O$3,Plan1_Rede,"Federal"),SUMIFS(INDEX(Plan1_Etapas,0,$O$2-1),Plan1_Ano,$A14,Plan1_Municipio,$O$3,Plan1_Rede,"Federal")) -> 9679 | E14: =IF($L14=0,0,D14/$L14) -> 0.0042200421 | F14: =IF($O$2=1,SUMIFS(INDEX(Plan1_Etapas,0,1),Plan1_Ano,$A14,Plan1_Municipio,$O$3,Plan1_Rede,"Estadual")+SUMIFS(INDEX(Plan1_Etapas,0,2),Plan1_Ano,$A14,Plan1_Municipio,$O$3,Plan1_Rede,"Estadual")+SUMIFS(INDEX(Plan1_Etapas,0,3),Plan1_Ano,$A14,Plan1_Municipio,$O$3,Plan1_Rede,"Estadual")+SUMIFS(INDEX(Plan1_Etapas,0,4),Plan1_Ano,$A14,Plan1_Municipio,$O$3,Plan1_Rede,"Estadual")+SUMIFS(INDEX(Plan1_Etapas,0,5),Plan1_Ano,$A14,Plan1_Municipio,$O$3,Plan1_Rede,"Estadual"),SUMIFS(INDEX(Plan1_Etapas,0,$O$2-1),Plan1_Ano,$A14,Plan1_Municipio,$O$3,Plan1_Rede,"Estadual")) -> 800373 | G14: =IF($L14=0,0,F14/$L14) -> 0.34896247 | H14: =IF($O$2=1,SUMIFS(INDEX(Plan1_Etapas,0,1),Plan1_Ano,$A14,Plan1_Municipio,$O$3,Plan1_Rede,"Municipal")+SUMIFS(INDEX(Plan1_Etapas,0,2),Plan1_Ano,$A14,Plan1_Municipio,$O$3,Plan1_Rede,"Municipal")+SUMIFS(INDEX(Plan1_Etapas,0,3),Plan1_Ano,$A14,Plan1_Municipio,$O$3,Plan1_Rede,"Municipal")+SUMIFS(INDEX(Plan1_Etapas,0,4),Plan1_Ano,$A14,Plan1_Municipio,$O$3,Plan1_Rede,"Municipal")+SUMIFS(INDEX(Plan1_Etapas,0,5),Plan1_Ano,$A14,Plan1_Municipio,$O$3,Plan1_Rede,"Municipal"),SUMIFS(INDEX(Plan1_Etapas,0,$O$2-1),Plan1_Ano,$A14,Plan1_Municipio,$O$3,Plan1_Rede,"Municipal")) -> 1089616 | I14: =IF($L14=0,0,H14/$L14) -> 0.47507237 | J14: =IF($O$2=1,SUMIFS(INDEX(Plan1_Etapas,0,1),Plan1_Ano,$A14,Plan1_Municipio,$O$3,Plan1_Rede,"Privada")+SUMIFS(INDEX(Plan1_Etapas,0,2),Plan1_Ano,$A14,Plan1_Municipio,$O$3,Plan1_Rede,"Privada")+SUMIFS(INDEX(Plan1_Etapas,0,3),Plan1_Ano,$A14,Plan1_Municipio,$O$3,Plan1_Rede,"Privada")+SUMIFS(INDEX(Plan1_Etapas,0,4),Plan1_Ano,$A14,Plan1_Municipio,$O$3,Plan1_Rede,"Privada")+SUMIFS(INDEX(Plan1_Etapas,0,5),Plan1_Ano,$A14,Plan1_Municipio,$O$3,Plan1_Rede,"Privada"),SUMIFS(INDEX(Plan1_Etapas,0,$O$2-1),Plan1_Ano,$A14,Plan1_Municipio,$O$3,Plan1_Rede,"Privada")) -> 393911 | K14: =IF($L14=0,0,J14/$L14) -> 0.17174512 | L14: =B14+J14 -> 2293579
A15: MÉDIA | B15: =AVERAGE(B5:B14) -> 1943650.6 | C15: =IF($L15=0,0,B15/$L15) -> 0.8384305 | D15: =AVERAGE(D5:D14) -> 8889.8 | E15: =IF($L15=0,0,D15/$L15) -> 0.0038347836 | F15: =AVERAGE(F5:F14) -> 879426.3 | G15: =IF($L15=0,0,F15/$L15) -> 0.37935719 | H15: =AVERAGE(H5:H14) -> 1055334.5 | I15: =IF($L15=0,0,H15/$L15) -> 0.45523853 | J15: =AVERAGE(J5:J14) -> 374550.6 | K15: =IF($L15=0,0,J15/$L15) -> 0.1615695 | L15: =AVERAGE(L5:L14) -> 2318201.2
A16: Rede do gráfico: | B16: Total | F16: ="Variação anual da rede "&LOWER($B$16)&" — "&$B$1&" — "&$B$2 -> Variação anual da rede total — Todos os municípios — Todas as etapas
A39: Variação anual das matrículas (%) em relação ao ano anterior
A40: Ano | B40: PÚBLICO | C40: FEDERAL | D40: ESTADUAL | E40: MUNICIPAL | F40: PRIVADO | G40: TOTAL
A41: 2016 | B41: — | C41: — | D41: — | E41: — | F41: — | G41: —
A42: 2017 | B42: =IF(B5=0,"—",B6/B5-1) -> 0.0014794243 | C42: =IF(D5=0,"—",D6/D5-1) -> 0.14049587 | D42: =IF(F5=0,"—",F6/F5-1) -> -0.011217527 | E42: =IF(H5=0,"—",H6/H5-1) -> 0.012234967 | F42: =IF(J5=0,"—",J6/J5-1) -> -0.013784362 | G42: =IF(L5=0,"—",L6/L5-1) -> -0.00098124732
A43: 2018 | B43: =IF(B6=0,"—",B7/B6-1) -> -0.0022901003 | C43: =IF(D6=0,"—",D7/D6-1) -> 0.16916542 | D43: =IF(F6=0,"—",F7/F6-1) -> -0.018741928 | E43: =IF(H6=0,"—",H7/H6-1) -> 0.011204926 | F43: =IF(J6=0,"—",J7/J6-1) -> 0.0014164458 | G43: =IF(L6=0,"—",L7/L6-1) -> -0.0017002266
A44: 2019 | B44: =IF(B7=0,"—",B8/B7-1) -> -0.016663306 | C44: =IF(D7=0,"—",D8/D7-1) -> 0.034836504 | D44: =IF(F7=0,"—",F8/F7-1) -> -0.036895613 | E44: =IF(H7=0,"—",H8/H7-1) -> 0.00056436917 | F44: =IF(J7=0,"—",J8/J7-1) -> 0.014689879 | G44: =IF(L7=0,"—",L8/L7-1) -> -0.011658064
A45: 2020 | B45: =IF(B8=0,"—",B9/B8-1) -> 0.015190467 | C45: =IF(D8=0,"—",D9/D8-1) -> 0.014043784 | D45: =IF(F8=0,"—",F9/F8-1) -> 0.028469933 | E45: =IF(H8=0,"—",H9/H8-1) -> 0.0040257934 | F45: =IF(J8=0,"—",J9/J8-1) -> -0.029273267 | G45: =IF(L8=0,"—",L9/L8-1) -> 0.0079030199
A46: 2021 | B46: =IF(B9=0,"—",B10/B9-1) -> -0.051017142 | C46: =IF(D9=0,"—",D10/D9-1) -> -0.088696538 | D46: =IF(F9=0,"—",F10/F9-1) -> -0.096592045 | E46: =IF(H9=0,"—",H10/H9-1) -> -0.011377659 | F46: =IF(J9=0,"—",J10/J9-1) -> -0.086548276 | G46: =IF(L9=0,"—",L10/L9-1) -> -0.056625772
A47: 2022 | B47: =IF(B10=0,"—",B11/B10-1) -> 0.051515421 | C47: =IF(D10=0,"—",D11/D10-1) -> -0.030953179 | D47: =IF(F10=0,"—",F11/F10-1) -> 0.094755195 | E47: =IF(H10=0,"—",H11/H10-1) -> 0.018164884 | F47: =IF(J10=0,"—",J11/J10-1) -> 0.092912057 | G47: =IF(L10=0,"—",L11/L10-1) -> 0.057842662
A48: 2023 | B48: =IF(B11=0,"—",B12/B11-1) -> -0.012097352 | C48: =IF(D11=0,"—",D12/D11-1) -> -0.020987085 | D48: =IF(F11=0,"—",F12/F11-1) -> -0.051678963 | E48: =IF(H11=0,"—",H12/H11-1) -> 0.021500728 | F48: =IF(J11=0,"—",J12/J11-1) -> 0.036022906 | G48: =IF(L11=0,"—",L12/L11-1) -> -0.004498615
A49: 2024 | B49: =IF(B12=0,"—",B13/B12-1) -> 0.011341208 | C49: =IF(D12=0,"—",D13/D12-1) -> 0.086454653 | D49: =IF(F12=0,"—",F13/F12-1) -> 0.011091718 | E49: =IF(H12=0,"—",H13/H12-1) -> 0.01094683 | F49: =IF(J12=0,"—",J13/J12-1) -> 0.029563218 | G49: =IF(L12=0,"—",L13/L12-1) -> 0.014335797
A50: 2025 | B50: =IF(B13=0,"—",B14/B13-1) -> -0.030495233 | C50: =IF(D13=0,"—",D14/D13-1) -> 0.04932784 | D50: =IF(F13=0,"—",F14/F13-1) -> -0.067729348 | E50: =IF(H13=0,"—",H14/H13-1) -> -0.0018879211 | F50: =IF(J13=0,"—",J14/J13-1) -> 0.0041628641 | G50: =IF(L13=0,"—",L14/L13-1) -> -0.024714047
A51: "—" = sem ano anterior ou rede sem matrículas no ano anterior.
A53: Dados do gráfico (rede selecionada em B16)
A54: Ano | B54: Matrículas | C54: Variação anual | D54: Crescimento | E54: Queda
A55: 2016 | B55: =CHOOSE($O$4,B5,D5,F5,H5,J5,L5) -> 2349051 | C55: — | D55: 0 | E55: 0
A56: 2017 | B56: =CHOOSE($O$4,B6,D6,F6,H6,J6,L6) -> 2346746 | C56: =IF(B55=0,0,B56/B55-1) -> -0.00098124732 | D56: =IF(C56>0,C56,0) -> 0 | E56: =IF(C56<0,C56,0) -> -0.00098124732
A57: 2018 | B57: =CHOOSE($O$4,B7,D7,F7,H7,J7,L7) -> 2342756 | C57: =IF(B56=0,0,B57/B56-1) -> -0.0017002266 | D57: =IF(C57>0,C57,0) -> 0 | E57: =IF(C57<0,C57,0) -> -0.0017002266
A58: 2019 | B58: =CHOOSE($O$4,B8,D8,F8,H8,J8,L8) -> 2315444 | C58: =IF(B57=0,0,B58/B57-1) -> -0.011658064 | D58: =IF(C58>0,C58,0) -> 0 | E58: =IF(C58<0,C58,0) -> -0.011658064
A59: 2020 | B59: =CHOOSE($O$4,B9,D9,F9,H9,J9,L9) -> 2333743 | C59: =IF(B58=0,0,B59/B58-1) -> 0.0079030199 | D59: =IF(C59>0,C59,0) -> 0.0079030199 | E59: =IF(C59<0,C59,0) -> 0
A60: 2021 | B60: =CHOOSE($O$4,B10,D10,F10,H10,J10,L10) -> 2201593 | C60: =IF(B59=0,0,B60/B59-1) -> -0.056625772 | D60: =IF(C60>0,C60,0) -> 0 | E60: =IF(C60<0,C60,0) -> -0.056625772
A61: 2022 | B61: =CHOOSE($O$4,B11,D11,F11,H11,J11,L11) -> 2328939 | C61: =IF(B60=0,0,B61/B60-1) -> 0.057842662 | D61: =IF(C61>0,C61,0) -> 0.057842662 | E61: =IF(C61<0,C61,0) -> 0
A62: 2023 | B62: =CHOOSE($O$4,B12,D12,F12,H12,J12,L12) -> 2318462 | C62: =IF(B61=0,0,B62/B61-1) -> -0.004498615 | D62: =IF(C62>0,C62,0) -> 0 | E62: =IF(C62<0,C62,0) -> -0.004498615
A63: 2024 | B63: =CHOOSE($O$4,B13,D13,F13,H13,J13,L13) -> 2351699 | C63: =IF(B62=0,0,B63/B62-1) -> 0.014335797 | D63: =IF(C63>0,C63,0) -> 0.014335797 | E63: =IF(C63<0,C63,0) -> 0
A64: 2025 | B64: =CHOOSE($O$4,B14,D14,F14,H14,J14,L14) -> 2293579 | C64: =IF(B63=0,0,B64/B63-1) -> -0.024714047 | D64: =IF(C64>0,C64,0) -> 0 | E64: =IF(C64<0,C64,0) -> -0.024714047
A65: Se a rede não tinha matrículas no ano anterior, a variação aparece como 0%. O gráfico começa em 2017 (2016 não tem ano anterior).

Sheet Plan1
A1: Ano | B1: UF | C1: Código Município | D1: Município | E1: Código Rede | F1: Rede | G1: Total Educação Básica | H1: Matrículas 0 a 3 anos | I1: Matrículas 4 a 5 anos | J1: Matrículas 6 a 10 anos | K1: Matrículas 11 a 14 anos | L1: Matrículas 15 a 17 anos | M1: Matrículas 18 anos ou mais | N1: Matrículas Creche | O1: Matrículas Pré-escola | P1: Matrículas Anos Iniciais | Q1: Matrículas Anos Finais | R1: Matrículas Ensino Médio
A2: 2025 | B2: PR | C2: 4100103 | D2: Abatiá | E2: 1 | F2: Federal | G2: 0 | H2: 0 | I2: 0 | J2: 0 | K2: 0 | L2: 0 | M2: 0 | N2: 0 | O2: 0 | P2: 0 | Q2: 0 | R2: 0
A3: 2025 | B3: PR | C3: 4100103 | D3: Abatiá | E3: 2 | F3: Estadual | G3: 439 | H3: 0 | I3: 3 | J3: 5 | K3: 274 | L3: 143 | M3: 14 | N3: 0 | O3: 3 | P3: 4 | Q3: 291 | R3: 141
A4: 2025 | B4: PR | C4: 4100103 | D4: Abatiá | E4: 3 | F4: Municipal | G4: 746 | H4: 123 | I4: 146 | J4: 431 | K4: 39 | L4: 0 | M4: 7 | N4: 127 | O4: 155 | P4: 457 | Q4: 0 | R4: 0
A5: 2025 | B5: PR | C5: 4100103 | D5: Abatiá | E5: 4 | F5: Privada | G5: 120 | H5: 7 | I5: 12 | J5: 29 | K5: 17 | L5: 10 | M5: 45 | N5: 7 | O5: 15 | P5: 46 | Q5: 0 | R5: 0
A6: 2025 | B6: PR | C6: 4100202 | D6: Adrianópolis | E6: 1 | F6: Federal | G6: 0 | H6: 0 | I6: 0 | J6: 0 | K6: 0 | L6: 0 | M6: 0 | N6: 0 | O6: 0 | P6: 0 | Q6: 0 | R6: 0
A7: 2025 | B7: PR | C7: 4100202 | D7: Adrianópolis | E7: 2 | F7: Estadual | G7: 584 | H7: 0 | I7: 0 | J7: 3 | K7: 331 | L7: 242 | M7: 8 | N7: 0 | O7: 0 | P7: 0 | Q7: 341 | R7: 243
A8: 2025 | B8: PR | C8: 4100202 | D8: Adrianópolis | E8: 3 | F8: Municipal | G8: 620 | H8: 62 | I8: 141 | J8: 398 | K8: 19 | L8: 0 | M8: 0 | N8: 72 | O8: 143 | P8: 405 | Q8: 0 | R8: 0
A9: 2025 | B9: PR | C9: 4100202 | D9: Adrianópolis | E9: 4 | F9: Privada | G9: 77 | H9: 4 | I9: 9 | J9: 17 | K9: 7 | L9: 2 | M9: 38 | N9: 5 | O9: 8 | P9: 24 | Q9: 0 | R9: 0
A10: 2025 | B10: PR | C10: 4100301 | D10: Agudos do Sul | E10: 1 | F10: Federal | G10: 0 | H10: 0 | I10: 0 | J10: 0 | K10: 0 | L10: 0 | M10: 0 | N10: 0 | O10: 0 | P10: 0 | Q10: 0 | R10: 0
A11: 2025 | B11: PR | C11: 4100301 | D11: Agudos do Sul | E11: 2 | F11: Estadual | G11: 879 | H11: 0 | I11: 0 | J11: 6 | K11: 540 | L11: 317 | M11: 16 | N11: 0 | O11: 0 | P11: 0 | Q11: 535 | R11: 334
A12: 2025 | B12: PR | C12: 4100301 | D12: Agudos do Sul | E12: 3 | F12: Municipal | G12: 1160 | H12: 114 | I12: 261 | J12: 726 | K12: 59 | L12: 0 | M12: 0 | N12: 127 | O12: 274 | P12: 759 | Q12: 0 | R12: 0
A13: 2025 | B13: PR | C13: 4100301 | D13: Agudos do Sul | E13: 4 | F13: Privada | G13: 94 | H13: 8 | I13: 8 | J13: 22 | K13: 12 | L13: 6 | M13: 38 | N13: 9 | O13: 8 | P13: 33 | Q13: 0 | R13: 0
... A1597: 2025 | B1597: PR | C1597: 4101150 | D1597: Ângulo | E1597: 4 | F1597: Privada | G1597: 0 | H1597: 0 | I1597: 0 | J1597: 0 | K1597: 0 | L1597: 0 | M1597: 0 | N1597: 0 | O1597: 0 | P1597: 0 | Q1597: 0 | R1597: 0
A1598: 2024 | B1598: PR | C1598: 4100103 | D1598: Abatiá | E1598: 1 | F1598: Federal | G1598: 0 | H1598: 0 | I1598: 0 | J1598: 0 | K1598: 0 | L1598: 0 | M1598: 0 | N1598: 0 | O1598: 0 | P1598: 0 | Q1598: 0 | R1598: 0
A1599: 2024 | B1599: PR | C1599: 4100103 | D1599: Abatiá | E1599: 2 | F1599: Estadual | G1599: 491 | H1599: 0 | I1599: 1 | J1599: 5 | K1599: 272 | L1599: 191 | M1599: 22 | N1599: 0 | O1599: 1 | P1599: 6 | Q1599: 307 | R1599: 177
A1600: 2024 | B1600: PR | C1600: 4100103 | D1600: Abatiá | E1600: 3 | F1600: Municipal | G1600: 781 | H1600: 118 | I1600: 176 | J1600: 438 | K1600: 38 | L1600: 2 | M1600: 9 | N1600: 128 | O1600: 176 | P1600: 466 | Q1600: 0 | R1600: 0
A1601: 2024 | B1601: PR | C1601: 4100103 | D1601: Abatiá | E1601: 4 | F1601: Privada | G1601: 137 | H1601: 16 | I1601: 20 | J1601: 25 | K1601: 15 | L1601: 11 | M1601: 50 | N1601: 16 | O1601: 20 | P1601: 47 | Q1601: 0 | R1601: 0
A1602: 2024 | B1602: PR | C1602: 4100202 | D1602: Adrianópolis | E1602: 1 | F1602: Federal | G1602: 0 | H1602: 0 | I1602: 0 | J1602: 0 | K1602: 0 | L1602: 0 | M1602: 0 | N1602: 0 | O1602: 0 | P1602: 0 | Q1602: 0 | R1602: 0
A1603: 2024 | B1603: PR | C1603: 4100202 | D1603: Adrianópolis | E1603: 2 | F1603: Estadual | G1603: 577 | H1603: 0 | I1603: 0 | J1603: 3 | K1603: 308 | L1603: 244 | M1603: 22 | N1603: 0 | O1603: 0 | P1603: 0 | Q1603: 292 | R1603: 285
A1604: 2024 | B1604: PR | C1604: 4100202 | D1604: Adrianópolis | E1604: 3 | F1604: Municipal | G1604: 644 | H1604: 66 | I1604: 125 | J1604: 439 | K1604: 14 | L1604: 0 | M1604: 0 | N1604: 70 | O1604: 135 | P1604: 439 | Q1604: 0 | R1604: 0
A1605: 2024 | B1605: PR | C1605: 4100202 | D1605: Adrianópolis | E1605: 4 | F1605: Privada | G1605: 78 | H1605: 8 | I1605: 5 | J1605: 14 | K1605: 6 | L1605: 1 | M1605: 44 | N1605: 8 | O1605: 5 | P1605: 20 | Q1605: 0 | R1605: 0
A1606: 2024 | B1606: PR | C1606: 4100301 | D1606: Agudos do Sul | E1606: 1 | F1606: Federal | G1606: 0 | H1606: 0 | I1606: 0 | J1606: 0 | K1606: 0 | L1606: 0 | M1606: 0 | N1606: 0 | O1606: 0 | P1606: 0 | Q1606: 0 | R1606: 0
A1607: 2024 | B1607: PR | C1607: 4100301 | D1607: Agudos do Sul | E1607: 2 | F1607: Estadual | G1607: 938 | H1607: 0 | I1607: 0 | J1607: 5 | K1607: 547 | L1607: 343 | M1607: 43 | N1607: 0 | O1607: 0 | P1607: 0 | Q1607: 569 | R1607: 326
A1608: 2024 | B1608: PR | C1608: 4100301 | D1608: Agudos do Sul | E1608: 3 | F1608: Municipal | G1608: 1164 | H1608: 110 | I1608: 272 | J1608: 754 | K1608: 28 | L1608: 0 | M1608: 0 | N1608: 121 | O1608: 285 | P1608: 758 | Q1608: 0 | R1608: 0
A1609: 2024 | B1609: PR | C1609: 4100301 | D1609: Agudos do Sul | E1609: 4 | F1609: Privada | G1609: 99 | H1609: 17 | I1609: 10 | J1609: 19 | K1609: 6 | L1609: 7 | M1609: 40 | N1609: 18 | O1609: 11 | P1609: 24 | Q1609: 0 | R1609: 0
... A4789: 2023 | B4789: PR | C4789: 4128807 | D4789: Xambrê | E4789: 4 | F4789: Privada | G4789: 0 | H4789: 0 | I4789: 0 | J4789: 0 | K4789: 0 | L4789: 0 | M4789: 0 | N4789: 0 | O4789: 0 | P4789: 0 | Q4789: 0 | R4789: 0
A4790: 2022 | B4790: PR | C4790: 4100103 | D4790: Abatiá | E4790: 1 | F4790: Federal | G4790: 0 | H4790: 0 | I4790: 0 | J4790: 0 | K4790: 0 | L4790: 0 | M4790: 0 | N4790: 0 | O4790: 0 | P4790: 0 | Q4790: 0 | R4790: 0
A4791: 2022 | B4791: PR | C4791: 4100103 | D4791: Abatiá | E4791: 2 | F4791: Estadual | G4791: 552 | H4791: 0 | I4791: 4 | J4791: 7 | K4791: 266 | L4791: 226 | M4791: 49 | N4791: 0 | O4791: 4 | P4791: 4 | Q4791: 304 | R4791: 240
A4792: 2022 | B4792: PR | C4792: 4100103 | D4792: Abatiá | E4792: 3 | F4792: Municipal | G4792: 761 | H4792: 135 | I4792: 180 | J4792: 414 | K4792: 32 | L4792: 0 | M4792: 0 | N4792: 144 | O4792: 181 | P4792: 436 | Q4792: 0 | R4792: 0
A4793: 2022 | B4793: PR | C4793: 4100103 | D4793: Abatiá | E4793: 4 | F4793: Privada | G4793: 123 | H4793: 11 | I4793: 9 | J4793: 29 | K4793: 19 | L4793: 8 | M4793: 47 | N4793: 11 | O4793: 10 | P4793: 50 | Q4793: 0 | R4793: 0
A4794: 2022 | B4794: PR | C4794: 4100202 | D4794: Adrianópolis | E4794: 1 | F4794: Federal | G4794: 0 | H4794: 0 | I4794: 0 | J4794: 0 | K4794: 0 | L4794: 0 | M4794: 0 | N4794: 0 | O4794: 0 | P4794: 0 | Q4794: 0 | R4794: 0
A4795: 2022 | B4795: PR | C4795: 4100202 | D4795: Adrianópolis | E4795: 2 | F4795: Estadual | G4795: 620 | H4795: 0 | I4795: 0 | J4795: 6 | K4795: 335 | L4795: 252 | M4795: 27 | N4795: 0 | O4795: 0 | P4795: 0 | Q4795: 312 | R4795: 308
A4796: 2022 | B4796: PR | C4796: 4100202 | D4796: Adrianópolis | E4796: 3 | F4796: Municipal | G4796: 636 | H4796: 35 | I4796: 163 | J4796: 427 | K4796: 11 | L4796: 0 | M4796: 0 | N4796: 43 | O4796: 165 | P4796: 428 | Q4796: 0 | R4796: 0
A4797: 2022 | B4797: PR | C4797: 4100202 | D4797: Adrianópolis | E4797: 4 | F4797: Privada | G4797: 56 | H4797: 4 | I4797: 3 | J4797: 8 | K4797: 1 | L4797: 2 | M4797: 38 | N4797: 4 | O4797: 3 | P4797: 9 | Q4797: 0 | R4797: 0
A4798: 2022 | B4798: PR | C4798: 4100301 | D4798: Agudos do Sul | E4798: 1 | F4798: Federal | G4798: 0 | H4798: 0 | I4798: 0 | J4798: 0 | K4798: 0 | L4798: 0 | M4798: 0 | N4798: 0 | O4798: 0 | P4798: 0 | Q4798: 0 | R4798: 0
A4799: 2022 | B4799: PR | C4799: 4100301 | D4799: Agudos do Sul | E4799: 2 | F4799: Estadual | G4799: 957 | H4799: 0 | I4799: 0 | J4799: 44 | K4799: 530 | L4799: 348 | M4799: 35 | N4799: 0 | O4799: 0 | P4799: 0 | Q4799: 607 | R4799: 316
A4800: 2022 | B4800: PR | C4800: 4100301 | D4800: Agudos do Sul | E4800: 3 | F4800: Municipal | G4800: 1100 | H4800: 126 | I4800: 241 | J4800: 698 | K4800: 35 | L4800: 0 | M4800: 0 | N4800: 133 | O4800: 262 | P4800: 705 | Q4800: 0 | R4800: 0
A4801: 2022 | B4801: PR | C4801: 4100301 | D4801: Agudos do Sul | E4801: 4 | F4801: Privada | G4801: 68 | H4801: 8 | I4801: 3 | J4801: 13 | K4801: 4 | L4801: 7 | M4801: 33 | N4801: 8 | O4801: 4 | P4801: 18 | Q4801: 0 | R4801: 0
... A7981: 2021 | B7981: PR | C7981: 4101150 | D7981: Ângulo | E7981: 4 | F7981: Privada | G7981: 0 | H7981: 0 | I7981: 0 | J7981: 0 | K7981: 0 | L7981: 0 | M7981: 0 | N7981: 0 | O7981: 0 | P7981: 0 | Q7981: 0 | R7981: 0
A7982: 2020 | B7982: PR | C7982: 4100103 | D7982: Abatiá | E7982: 1 | F7982: Federal | G7982: 0 | H7982: 0 | I7982: 0 | J7982: 0 | K7982: 0 | L7982: 0 | M7982: 0 | N7982: 0 | O7982: 0 | P7982: 0 | Q7982: 0 | R7982: 0
A7983: 2020 | B7983: PR | C7983: 4100103 | D7983: Abatiá | E7983: 2 | F7983: Estadual | G7983: 566 | H7983: 0 | I7983: 2 | J7983: 9 | K7983: 303 | L7983: 214 | M7983: 38 | N7983: 0 | O7983: 2 | P7983: 3 | Q7983: 307 | R7983: 254
A7984: 2020 | B7984: PR | C7984: 4100103 | D7984: Abatiá | E7984: 3 | F7984: Municipal | G7984: 788 | H7984: 143 | I7984: 176 | J7984: 413 | K7984: 42 | L7984: 2 | M7984: 12 | N7984: 153 | O7984: 178 | P7984: 443 | Q7984: 0 | R7984: 0
A7985: 2020 | B7985: PR | C7985: 4100103 | D7985: Abatiá | E7985: 4 | F7985: Privada | G7985: 109 | H7985: 5 | I7985: 9 | J7985: 28 | K7985: 17 | L7985: 8 | M7985: 42 | N7985: 7 | O7985: 11 | P7985: 48 | Q7985: 0 | R7985: 0
A7986: 2020 | B7986: PR | C7986: 4100202 | D7986: Adrianópolis | E7986: 1 | F7986: Federal | G7986: 0 | H7986: 0 | I7986: 0 | J7986: 0 | K7986: 0 | L7986: 0 | M7986: 0 | N7986: 0 | O7986: 0 | P7986: 0 | Q7986: 0 | R7986: 0
A7987: 2020 | B7987: PR | C7987: 4100202 | D7987: Adrianópolis | E7987: 2 | F7987: Estadual | G7987: 740 | H7987: 0 | I7987: 0 | J7987: 34 | K7987: 383 | L7987: 265 | M7987: 58 | N7987: 0 | O7987: 0 | P7987: 0 | Q7987: 451 | R7987: 289
A7988: 2020 | B7988: PR | C7988: 4100202 | D7988: Adrianópolis | E7988: 3 | F7988: Municipal | G7988: 602 | H7988: 47 | I7988: 146 | J7988: 402 | K7988: 7 | L7988: 0 | M7988: 0 | N7988: 49 | O7988: 158 | P7988: 395 | Q7988: 0 | R7988: 0
A7989: 2020 | B7989: PR | C7989: 4100202 | D7989: Adrianópolis | E7989: 4 | F7989: Privada | G7989: 55 | H7989: 4 | I7989: 5 | J7989: 5 | K7989: 1 | L7989: 3 | M7989: 37 | N7989: 5 | O7989: 5 | P7989: 5 | Q7989: 0 | R7989: 0
A7990: 2020 | B7990: PR | C7990: 4100301 | D7990: Agudos do Sul | E7990: 1 | F7990: Federal | G7990: 0 | H7990: 0 | I7990: 0 | J7990: 0 | K7990: 0 | L7990: 0 | M7990: 0 | N7990: 0 | O7990: 0 | P7990: 0 | Q7990: 0 | R7990: 0
A7991: 2020 | B7991: PR | C7991: 4100301 | D7991: Agudos do Sul | E7991: 2 | F7991: Estadual | G7991: 876 | H7991: 0 | I7991: 0 | J7991: 33 | K7991: 455 | L7991: 304 | M7991: 84 | N7991: 0 | O7991: 0 | P7991: 0 | Q7991: 527 | R7991: 297
A7992: 2020 | B7992: PR | C7992: 4100301 | D7992: Agudos do Sul | E7992: 3 | F7992: Municipal | G7992: 1043 | H7992: 90 | I7992: 249 | J7992: 651 | K7992: 51 | L7992: 2 | M7992: 0 | N7992: 101 | O7992: 254 | P7992: 688 | Q7992: 0 | R7992: 0
A7993: 2020 | B7993: PR | C7993: 4100301 | D7993: Agudos do Sul | E7993: 4 | F7993: Privada | G7993: 57 | H7993: 5 | I7993: 4 | J7993: 9 | K7993: 8 | L7993: 6 | M7993: 25 | N7993: 6 | O7993: 4 | P7993: 16 | Q7993: 0 | R7993: 0
... A9577: 2020 | B9577: PR | C9577: 4101150 | D9577: Ângulo | E9577: 4 | F9577: Privada | G9577: 0 | H9577: 0 | I9577: 0 | J9577: 0 | K9577: 0 | L9577: 0 | M9577: 0 | N9577: 0 | O9577: 0 | P9577: 0 | Q9577: 0 | R9577: 0
A9578: 2019 | B9578: PR | C9578: 4100103 | D9578: Abatiá | E9578: 1 | F9578: Federal | G9578: 0 | H9578: 0 | I9578: 0 | J9578: 0 | K9578: 0 | L9578: 0 | M9578: 0 | N9578: 0 | O9578: 0 | P9578: 0 | Q9578: 0 | R9578: 0
A9579: 2019 | B9579: PR | C9579: 4100103 | D9579: Abatiá | E9579: 2 | F9579: Estadual | G9579: 530 | H9579: 3 | I9579: 3 | J9579: 12 | K9579: 313 | L9579: 168 | M9579: 31 | N9579: 0 | O9579: 6 | P9579: 5 | Q9579: 318 | R9579: 201
A9580: 2019 | B9580: PR | C9580: 4100103 | D9580: Abatiá | E9580: 3 | F9580: Municipal | G9580: 738 | H9580: 128 | I9580: 173 | J9580: 388 | K9580: 35 | L9580: 1 | M9580: 13 | N9580: 140 | O9580: 175 | P9580: 409 | Q9580: 0 | R9580: 0
A9581: 2019 | B9581: PR | C9581: 4100103 | D9581: Abatiá | E9581: 4 | F9581: Privada | G9581: 113 | H9581: 12 | I9581: 6 | J9581: 27 | K9581: 16 | L9581: 8 | M9581: 44 | N9581: 12 | O9581: 6 | P9581: 48 | Q9581: 0 | R9581: 0
A9582: 2019 | B9582: PR | C9582: 4100202 | D9582: Adrianópolis | E9582: 1 | F9582: Federal | G9582: 0 | H9582: 0 | I9582: 0 | J9582: 0 | K9582: 0 | L9582: 0 | M9582: 0 | N9582: 0 | O9582: 0 | P9582: 0 | Q9582: 0 | R9582: 0
A9583: 2019 | B9583: PR | C9583: 4100202 | D9583: Adrianópolis | E9583: 2 | F9583: Estadual | G9583: 722 | H9583: 0 | I9583: 0 | J9583: 43 | K9583: 396 | L9583: 244 | M9583: 39 | N9583: 0 | O9583: 0 | P9583: 0 | Q9583: 433 | R9583: 289
A9584: 2019 | B9584: PR | C9584: 4100202 | D9584: Adrianópolis | E9584: 3 | F9584: Municipal | G9584: 600 | H9584: 43 | I9584: 161 | J9584: 390 | K9584: 6 | L9584: 0 | M9584: 0 | N9584: 48 | O9584: 166 | P9584: 386 | Q9584: 0 | R9584: 0
A9585: 2019 | B9585: PR | C9585: 4100202 | D9585: Adrianópolis | E9585: 4 | F9585: Privada | G9585: 53 | H9585: 4 | I9585: 5 | J9585: 1 | K9585: 3 | L9585: 1 | M9585: 39 | N9585: 5 | O9585: 5 | P9585: 3 | Q9585: 0 | R9585: 0
A9586: 2019 | B9586: PR | C9586: 4100301 | D9586: Agudos do Sul | E9586: 1 | F9586: Federal | G9586: 0 | H9586: 0 | I9586: 0 | J9586: 0 | K9586: 0 | L9586: 0 | M9586: 0 | N9586: 0 | O9586: 0 | P9586: 0 | Q9586: 0 | R9586: 0
A9587: 2019 | B9587: PR | C9587: 4100301 | D9587: Agudos do Sul | E9587: 2 | F9587: Estadual | G9587: 853 | H9587: 0 | I9587: 0 | J9587: 30 | K9587: 447 | L9587: 319 | M9587: 57 | N9587: 0 | O9587: 0 | P9587: 0 | Q9587: 502 | R9587: 289
A9588: 2019 | B9588: PR | C9588: 4100301 | D9588: Agudos do Sul | E9588: 3 | F9588: Municipal | G9588: 1073 | H9588: 114 | I9588: 253 | J9588: 645 | K9588: 60 | L9588: 1 | M9588: 0 | N9588: 123 | O9588: 257 | P9588: 693 | Q9588: 0 | R9588: 0
A9589: 2019 | B9589: PR | C9589: 4100301 | D9589: Agudos do Sul | E9589: 4 | F9589: Privada | G9589: 52 | H9589: 5 | I9589: 4 | J9589: 9 | K9589: 8 | L9589: 3 | M9589: 23 | N9589: 5 | O9589: 4 | P9589: 19 | Q9589: 0 | R9589: 0
... A15961: 2016 | B15961: PR | C15961: 4128807 | D15961: Xambrê | E15961: 4 | F15961: Privada | G15961: 0 | H15961: 0 | I15961: 0 | J15961: 0 | K15961: 0 | L15961: 0 | M15961: 0 | N15961: 0 | O15961: 0 | P15961: 0 | Q15961: 0 | R15961: 0

Sheet População
A1: Codigo_ibge | B1: Município | C1: População_2024
A2: 4106902 | B2: Curitiba | C2: 1829225
A3: 4113700 | B3: Londrina | C3: 577318
A4: 4115200 | B4: Maringá | C4: 425983
A5: 4119905 | B5: Ponta Grossa | C5: 372562
A6: 4104808 | B6: Cascavel | C6: 364104
A7: 4125506 | B7: São José dos Pinhais | C7: 345644
A8: 4108304 | B8: Foz do Iguaçu | C8: 295500
A9: 4105805 | B9: Colombo | C9: 240720
A10: 4109401 | B10: Guarapuava | C10: 188710
A11: 4107652 | B11: Fazenda Rio Grande | C11: 161506
A12: 4101804 | B12: Araucária | C12: 160038
A13: 4127700 | B13: Toledo | C13: 158620
... A400: 4116505 | B400: Nova Aliança do Ivaí | C400: 1327

Sheet Listas
A1: Municípios | C1: Faixas etárias | E1: Etapas de ensino | G1: Rede (gráfico)
A2: Todos os municípios | C2: Todas as faixas (0 a 17 anos) | E2: Todas as etapas | G2: Público
A3: Abatiá | C3: 0 a 3 anos | E3: Creche | G3: Federal
A4: Adrianópolis | C4: 4 a 5 anos | E4: Pré-escola | G4: Estadual
A5: Agudos do Sul | C5: 6 a 10 anos | E5: Anos Iniciais | G5: Municipal
A6: Almirante Tamandaré | C6: 11 a 14 anos | E6: Anos Finais | G6: Privada
A7: Altamira do Paraná | C7: 15 a 17 anos | E7: Ensino Médio | G7: Total
A8: Alto Paraná
A9: Alto Paraíso
A10: Alto Piquiri
A11: Altônia
A12: Alvorada do Sul
A13: Amaporã
A14: Ampére
A15: Anahy
A16: Andirá
A17: Antonina
A18: Antônio Olinto
A19: Apucarana
... A401: Ângulo
